id,farm_id,item_name,category,season,notes,created_at,updated_at
67832c5a-20ce-4fb4-8d05-0863d038a14c,5f7e9d0f-e91b-4a78-92f9-37505fa5aa3d,Celery/Lovage,micro,early_winter,,2026-04-09T05:56:27.043152+00:00,2026-04-09T05:56:27.043152+00:00
c743cb7c-68e0-47d9-83d0-c7a5b0242498,5f7e9d0f-e91b-4a78-92f9-37505fa5aa3d,Nasturtium,micro,early_winter,,2026-04-09T05:56:27.043152+00:00,2026-04-09T05:56:27.043152+00:00
b10180a3-0c1d-400f-a4b5-f02994823009,5f7e9d0f-e91b-4a78-92f9-37505fa5aa3d,Wasabi Arugula,micro,early_winter,,2026-04-09T05:56:27.043152+00:00,2026-04-09T05:56:27.043152+00:00
82c9aeec-ce0a-439b-ad72-52f335d42a3d,5f7e9d0f-e91b-4a78-92f9-37505fa5aa3d,Pea,micro,early_winter,,2026-04-09T05:56:27.043152+00:00,2026-04-09T05:56:27.043152+00:00
62e7d347-7bc6-488a-ab3d-190a49e8650e,5f7e9d0f-e91b-4a78-92f9-37505fa5aa3d,Fava,micro,early_winter,,2026-04-09T05:56:27.043152+00:00,2026-04-09T05:56:27.043152+00:00
8560eff9-21db-4214-a2c4-fd54f48502df,5f7e9d0f-e91b-4a78-92f9-37505fa5aa3d,Mustard Flowers,flowers,early_winter,,2026-04-09T05:56:27.043152+00:00,2026-04-09T05:56:27.043152+00:00
a2b908ad-b792-4412-9cb7-809834bae2a1,5f7e9d0f-e91b-4a78-92f9-37505fa5aa3d,Alyssum,flowers,early_winter,,2026-04-09T05:56:27.043152+00:00,2026-04-09T05:56:27.043152+00:00
612eafc2-cb34-466d-ba97-bf8aac3ebcc8,5f7e9d0f-e91b-4a78-92f9-37505fa5aa3d,Viola,flowers,early_winter,,2026-04-09T05:56:27.043152+00:00,2026-04-09T05:56:27.043152+00:00
3ec95071-6b3b-45e0-ae72-cfd14b50ba6c,5f7e9d0f-e91b-4a78-92f9-37505fa5aa3d,Chrysanthemum,flowers,early_winter,,2026-04-09T05:56:27.043152+00:00,2026-04-09T05:56:27.043152+00:00
5e0ceb64-2f83-4edb-88c0-f46704b891bc,5f7e9d0f-e91b-4a78-92f9-37505fa5aa3d,Bittergreens,leaf,early_winter,,2026-04-09T05:56:27.043152+00:00,2026-04-09T05:56:27.043152+00:00
cbf33830-79d3-42c9-9a94-d901169ddddf,5f7e9d0f-e91b-4a78-92f9-37505fa5aa3d,Sugarloaf Conical Chicory,leaf,early_winter,,2026-04-09T05:56:27.043152+00:00,2026-04-09T05:56:27.043152+00:00
157ad986-68b5-4b8e-b79e-ece281b44142,5f7e9d0f-e91b-4a78-92f9-37505fa5aa3d,Frisee,leaf,early_winter,,2026-04-09T05:56:27.043152+00:00,2026-04-09T05:56:27.043152+00:00
49e943d7-fa3e-411b-a1f9-25cb529a2c96,5f7e9d0f-e91b-4a78-92f9-37505fa5aa3d,Chrysanthemum,leaf,early_winter,,2026-04-09T05:56:27.043152+00:00,2026-04-09T05:56:27.043152+00:00
f3d475f6-f982-461a-ae9e-7fef4303e172,5f7e9d0f-e91b-4a78-92f9-37505fa5aa3d,Cover Crop,leaf,early_winter,,2026-04-09T05:56:27.043152+00:00,2026-04-09T05:56:27.043152+00:00
cfa6e7a7-e238-4f2c-8da2-0ace974a52d3,5f7e9d0f-e91b-4a78-92f9-37505fa5aa3d,Fennel Leaf,leaf,early_winter,,2026-04-09T05:56:27.043152+00:00,2026-04-09T05:56:27.043152+00:00
b46c8eeb-28ea-4810-931d-f4842917cf5d,5f7e9d0f-e91b-4a78-92f9-37505fa5aa3d,"Lettuces - Butterhead, Gem",leaf,early_winter,,2026-04-09T05:56:27.043152+00:00,2026-04-09T05:56:27.043152+00:00
c506b1a2-19ae-4fb0-8e41-3bef5e21354e,5f7e9d0f-e91b-4a78-92f9-37505fa5aa3d,Mustard Greens,leaf,early_winter,,2026-04-09T05:56:27.043152+00:00,2026-04-09T05:56:27.043152+00:00
e1a70c5d-c852-4872-82f1-3ed6894119ed,5f7e9d0f-e91b-4a78-92f9-37505fa5aa3d,Peppercorn,leaf,early_winter,,2026-04-09T05:56:27.043152+00:00,2026-04-09T05:56:27.043152+00:00
09aec0bf-e63e-48c7-835c-709102cca37f,5f7e9d0f-e91b-4a78-92f9-37505fa5aa3d,Sorrels,leaf,early_winter,,2026-04-09T05:56:27.043152+00:00,2026-04-09T05:56:27.043152+00:00
235bf3d6-07fb-4afe-b1a1-147235482576,5f7e9d0f-e91b-4a78-92f9-37505fa5aa3d,Swiss Chard,leaf,early_winter,,2026-04-09T05:56:27.043152+00:00,2026-04-09T05:56:27.043152+00:00
4661e535-db33-478a-95a4-8f3ff5b02ad0,5f7e9d0f-e91b-4a78-92f9-37505fa5aa3d,Wild Greens,leaf,early_winter,,2026-04-09T05:56:27.043152+00:00,2026-04-09T05:56:27.043152+00:00
ddea5710-4b18-474a-933d-19b0c35b8a77,5f7e9d0f-e91b-4a78-92f9-37505fa5aa3d,Iceplant,leaf,early_winter,,2026-04-09T05:56:27.043152+00:00,2026-04-09T05:56:27.043152+00:00
9fa8d055-1ee8-46ef-9963-c3730cfd369c,5f7e9d0f-e91b-4a78-92f9-37505fa5aa3d,Kale,leaf,early_winter,,2026-04-09T05:56:27.043152+00:00,2026-04-09T05:56:27.043152+00:00
e1654c42-9f0b-4546-bc5e-e62f38d1acde,5f7e9d0f-e91b-4a78-92f9-37505fa5aa3d,Kohlrabi,leaf,early_winter,,2026-04-09T05:56:27.043152+00:00,2026-04-09T05:56:27.043152+00:00
ec6b7b73-8d2b-4162-a002-861c133034cb,5f7e9d0f-e91b-4a78-92f9-37505fa5aa3d,"Lettuces - Mini Butterhead, Gem",leaf,early_winter,,2026-04-09T05:56:27.043152+00:00,2026-04-09T05:56:27.043152+00:00
71aaa89c-f58a-4e9c-bd52-5fd79a26ecd6,5f7e9d0f-e91b-4a78-92f9-37505fa5aa3d,Mizuna,leaf,early_winter,,2026-04-09T05:56:27.043152+00:00,2026-04-09T05:56:27.043152+00:00
f45481ea-2a0b-4ad0-96b2-5d04e198b79a,5f7e9d0f-e91b-4a78-92f9-37505fa5aa3d,Mustard Greens,leaf,early_winter,,2026-04-09T05:56:27.043152+00:00,2026-04-09T05:56:27.043152+00:00
5bacb625-8610-41ef-99ab-45b316e45d68,5f7e9d0f-e91b-4a78-92f9-37505fa5aa3d,Nasturtium,leaf,early_winter,,2026-04-09T05:56:27.043152+00:00,2026-04-09T05:56:27.043152+00:00
a934a520-014e-44f0-bff8-79dcc5aa1318,5f7e9d0f-e91b-4a78-92f9-37505fa5aa3d,Peppercorn,leaf,early_winter,,2026-04-09T05:56:27.043152+00:00,2026-04-09T05:56:27.043152+00:00
73335087-7121-41e3-8a23-b1ac464afc06,5f7e9d0f-e91b-4a78-92f9-37505fa5aa3d,Spigariello,leaf,early_winter,,2026-04-09T05:56:27.043152+00:00,2026-04-09T05:56:27.043152+00:00
f4175714-721d-4bd4-b6f5-77416d0b9eeb,5f7e9d0f-e91b-4a78-92f9-37505fa5aa3d,Spinach,leaf,early_winter,,2026-04-09T05:56:27.043152+00:00,2026-04-09T05:56:27.043152+00:00
3fde273f-63c9-463c-98ce-a509e7258f90,5f7e9d0f-e91b-4a78-92f9-37505fa5aa3d,Swiss Chard,leaf,early_winter,,2026-04-09T05:56:27.043152+00:00,2026-04-09T05:56:27.043152+00:00
0de93650-15f3-49db-8ac6-ba4817a6e8da,5f7e9d0f-e91b-4a78-92f9-37505fa5aa3d,Cutting Celery,leaf,early_winter,,2026-04-09T05:56:27.043152+00:00,2026-04-09T05:56:27.043152+00:00
9703e50f-8f42-43e2-bd3c-699675d4fbc5,5f7e9d0f-e91b-4a78-92f9-37505fa5aa3d,Choy,brassicas,early_winter,,2026-04-09T05:56:27.043152+00:00,2026-04-09T05:56:27.043152+00:00
a2434866-0be3-4a74-8aea-be4916e3d40f,5f7e9d0f-e91b-4a78-92f9-37505fa5aa3d,Collards,brassicas,early_winter,,2026-04-09T05:56:27.043152+00:00,2026-04-09T05:56:27.043152+00:00
fe4d792f-bbda-413d-b5e2-280f2f86519d,5f7e9d0f-e91b-4a78-92f9-37505fa5aa3d,Broccoli,brassicas,early_winter,,2026-04-09T05:56:27.043152+00:00,2026-04-09T05:56:27.043152+00:00
9bd62134-373d-4778-b2be-40a953633f01,5f7e9d0f-e91b-4a78-92f9-37505fa5aa3d,Kale,brassicas,early_winter,,2026-04-09T05:56:27.043152+00:00,2026-04-09T05:56:27.043152+00:00
7f3551f2-4864-4a27-80c5-b2367aff34aa,5f7e9d0f-e91b-4a78-92f9-37505fa5aa3d,Mizuna,brassicas,early_winter,,2026-04-09T05:56:27.043152+00:00,2026-04-09T05:56:27.043152+00:00
99be152a-a0df-4472-8c61-dc7451e4f3a0,5f7e9d0f-e91b-4a78-92f9-37505fa5aa3d,Kohlrabi,brassicas,early_winter,,2026-04-09T05:56:27.043152+00:00,2026-04-09T05:56:27.043152+00:00
dcedfbdb-5412-48df-906b-07c055ac384d,5f7e9d0f-e91b-4a78-92f9-37505fa5aa3d,Daikon,roots,early_winter,,2026-04-09T05:56:27.043152+00:00,2026-04-09T05:56:27.043152+00:00
8033ca11-f6f7-425e-a4ee-89ac271cfab8,5f7e9d0f-e91b-4a78-92f9-37505fa5aa3d,Horseradish,roots,early_winter,,2026-04-09T05:56:27.043152+00:00,2026-04-09T05:56:27.043152+00:00
68a47d03-7e1a-40d5-b8ba-9a9a439d06cb,5f7e9d0f-e91b-4a78-92f9-37505fa5aa3d,Oil Seed Radish,roots,early_winter,,2026-04-09T05:56:27.043152+00:00,2026-04-09T05:56:27.043152+00:00
125a68e0-2e46-4a3a-bb17-b4c94dbba721,5f7e9d0f-e91b-4a78-92f9-37505fa5aa3d,Turnip-Gold Ball,roots,early_winter,,2026-04-09T05:56:27.043152+00:00,2026-04-09T05:56:27.043152+00:00
60bc4af2-2a9d-497f-bdc8-41e61ebddd99,5f7e9d0f-e91b-4a78-92f9-37505fa5aa3d,Baby Leeks,roots,early_winter,,2026-04-09T05:56:27.043152+00:00,2026-04-09T05:56:27.043152+00:00
5aba9d00-477e-4d90-843e-6b6dbddca843,5f7e9d0f-e91b-4a78-92f9-37505fa5aa3d,Large Carrots,roots,early_winter,,2026-04-09T05:56:27.043152+00:00,2026-04-09T05:56:27.043152+00:00
b3b99f3e-a8f4-47ab-9146-5171978936f6,5f7e9d0f-e91b-4a78-92f9-37505fa5aa3d,Celery/Lovage,micro,late_winter,,2026-04-09T05:56:27.043152+00:00,2026-04-09T05:56:27.043152+00:00
5a2c402c-a4a8-4bc0-b98b-0108deeaf63a,5f7e9d0f-e91b-4a78-92f9-37505fa5aa3d,Choys,micro,late_winter,,2026-04-09T05:56:27.043152+00:00,2026-04-09T05:56:27.043152+00:00
366d29de-1616-4dca-800b-813c79babfe6,5f7e9d0f-e91b-4a78-92f9-37505fa5aa3d,Fava,micro,late_winter,,2026-04-09T05:56:27.043152+00:00,2026-04-09T05:56:27.043152+00:00
3a13d3a5-2e24-44d4-a55a-f568fee3bc87,5f7e9d0f-e91b-4a78-92f9-37505fa5aa3d,Kale,micro,late_winter,,2026-04-09T05:56:27.043152+00:00,2026-04-09T05:56:27.043152+00:00
6ad031ee-7110-40da-9f24-e0a04e249360,5f7e9d0f-e91b-4a78-92f9-37505fa5aa3d,Marigold Gem,micro,late_winter,,2026-04-09T05:56:27.043152+00:00,2026-04-09T05:56:27.043152+00:00
f87a704c-cb72-40c1-8a61-3e29861b7940,5f7e9d0f-e91b-4a78-92f9-37505fa5aa3d,Mustard,micro,late_winter,,2026-04-09T05:56:27.043152+00:00,2026-04-09T05:56:27.043152+00:00
6bdb3262-8f1a-4f06-ac23-5df878201562,5f7e9d0f-e91b-4a78-92f9-37505fa5aa3d,Nasturtium,micro,late_winter,,2026-04-09T05:56:27.043152+00:00,2026-04-09T05:56:27.043152+00:00
6f2f94a5-3635-4eae-834c-9429d800d247,5f7e9d0f-e91b-4a78-92f9-37505fa5aa3d,Pea,micro,late_winter,,2026-04-09T05:56:27.043152+00:00,2026-04-09T05:56:27.043152+00:00
176ba3f9-0ebc-49a2-ae4f-80dac3870c36,5f7e9d0f-e91b-4a78-92f9-37505fa5aa3d,Wasabi Arugula,micro,late_winter,,2026-04-09T05:56:27.043152+00:00,2026-04-09T05:56:27.043152+00:00
00b74f06-b835-4ad1-9ec3-38e85d4eb190,5f7e9d0f-e91b-4a78-92f9-37505fa5aa3d,Watercress,micro,late_winter,,2026-04-09T05:56:27.043152+00:00,2026-04-09T05:56:27.043152+00:00
ca259b73-ce54-479b-be42-acf025ab1612,5f7e9d0f-e91b-4a78-92f9-37505fa5aa3d,Alyssum,flowers,late_winter,,2026-04-09T05:56:27.043152+00:00,2026-04-09T05:56:27.043152+00:00
e85bef4b-ec43-47a2-8812-e97e7e0865c5,5f7e9d0f-e91b-4a78-92f9-37505fa5aa3d,Broccoli (White),flowers,late_winter,,2026-04-09T05:56:27.043152+00:00,2026-04-09T05:56:27.043152+00:00
f27a8732-832c-4689-b0f6-2563a41f40da,5f7e9d0f-e91b-4a78-92f9-37505fa5aa3d,Celery (Pink),flowers,late_winter,,2026-04-09T05:56:27.043152+00:00,2026-04-09T05:56:27.043152+00:00
67ad5a7d-5dec-4f94-ba7e-48f2bff927a6,5f7e9d0f-e91b-4a78-92f9-37505fa5aa3d,Chickweed,flowers,late_winter,,2026-04-09T05:56:27.043152+00:00,2026-04-09T05:56:27.043152+00:00
bddd4816-aa34-40f9-bbd0-59dfeb8b52cd,5f7e9d0f-e91b-4a78-92f9-37505fa5aa3d,Miners Lettuce,flowers,late_winter,,2026-04-09T05:56:27.043152+00:00,2026-04-09T05:56:27.043152+00:00
83866d5f-00ab-47c7-af61-890fc60bdffd,5f7e9d0f-e91b-4a78-92f9-37505fa5aa3d,Mustard (Preserve),flowers,late_winter,,2026-04-09T05:56:27.043152+00:00,2026-04-09T05:56:27.043152+00:00
d536cb37-e61c-4dc0-8b54-caa098b22f89,5f7e9d0f-e91b-4a78-92f9-37505fa5aa3d,Oxalis,flowers,late_winter,,2026-04-09T05:56:27.043152+00:00,2026-04-09T05:56:27.043152+00:00
943d2ccc-e98d-4d00-968b-76b70ed10a92,5f7e9d0f-e91b-4a78-92f9-37505fa5aa3d,Rosemary,flowers,late_winter,,2026-04-09T05:56:27.043152+00:00,2026-04-09T05:56:27.043152+00:00
ebf91d66-e5b1-444e-a019-6286780f84ac,5f7e9d0f-e91b-4a78-92f9-37505fa5aa3d,Stone Fruit,flowers,late_winter,,2026-04-09T05:56:27.043152+00:00,2026-04-09T05:56:27.043152+00:00
c6154de6-1b29-4d2a-a9b0-004c7d0b45ad,5f7e9d0f-e91b-4a78-92f9-37505fa5aa3d,Wild Calendula,flowers,late_winter,,2026-04-09T05:56:27.043152+00:00,2026-04-09T05:56:27.043152+00:00
407237cd-97be-4166-b93b-d9140201d834,5f7e9d0f-e91b-4a78-92f9-37505fa5aa3d,Bay Laurel,leaf,late_winter,,2026-04-09T05:56:27.043152+00:00,2026-04-09T05:56:27.043152+00:00
c460fdbc-204b-433f-ad9e-640da138c1f4,5f7e9d0f-e91b-4a78-92f9-37505fa5aa3d,Bittergreens (Feb outgoing),leaf,late_winter,,2026-04-09T05:56:27.043152+00:00,2026-04-09T05:56:27.043152+00:00
8779b551-b963-44a3-95c7-a9b24e859532,5f7e9d0f-e91b-4a78-92f9-37505fa5aa3d,Broccoli/Mixed Raab,leaf,late_winter,,2026-04-09T05:56:27.043152+00:00,2026-04-09T05:56:27.043152+00:00
33838f1a-36bd-454d-9c33-646e4a44e740,5f7e9d0f-e91b-4a78-92f9-37505fa5aa3d,Chrysanthemum,leaf,late_winter,,2026-04-09T05:56:27.043152+00:00,2026-04-09T05:56:27.043152+00:00
bb446efd-91b5-4fb0-8e29-4ff87c61e46b,5f7e9d0f-e91b-4a78-92f9-37505fa5aa3d,Cilantro,leaf,late_winter,,2026-04-09T05:56:27.043152+00:00,2026-04-09T05:56:27.043152+00:00
0e161260-2aa0-425a-9735-9e606ab368d0,5f7e9d0f-e91b-4a78-92f9-37505fa5aa3d,"Cover Crop (Fava, Pea, Vetch)",leaf,late_winter,,2026-04-09T05:56:27.043152+00:00,2026-04-09T05:56:27.043152+00:00
7e18a575-837c-48e8-a2d4-3c8f944f6493,5f7e9d0f-e91b-4a78-92f9-37505fa5aa3d,Cutting Celery,leaf,late_winter,,2026-04-09T05:56:27.043152+00:00,2026-04-09T05:56:27.043152+00:00
aa1ff841-2d65-41d5-8948-60799dabe374,5f7e9d0f-e91b-4a78-92f9-37505fa5aa3d,Fennel Leaf,leaf,late_winter,,2026-04-09T05:56:27.043152+00:00,2026-04-09T05:56:27.043152+00:00
06d0ffcc-eca6-45d4-8c1e-8bb78cbed233,5f7e9d0f-e91b-4a78-92f9-37505fa5aa3d,Field Salad Mix,leaf,late_winter,,2026-04-09T05:56:27.043152+00:00,2026-04-09T05:56:27.043152+00:00
bfb58a7e-ca91-459c-a5d8-ed66bb637b83,5f7e9d0f-e91b-4a78-92f9-37505fa5aa3d,Horseradish Sprout,leaf,late_winter,,2026-04-09T05:56:27.043152+00:00,2026-04-09T05:56:27.043152+00:00
0beb6628-a042-4fa2-a8eb-876178aec014,5f7e9d0f-e91b-4a78-92f9-37505fa5aa3d,Iceplant,leaf,late_winter,,2026-04-09T05:56:27.043152+00:00,2026-04-09T05:56:27.043152+00:00
224f4a40-6c97-4d36-86ce-a9ffba22f2c2,5f7e9d0f-e91b-4a78-92f9-37505fa5aa3d,Kale,leaf,late_winter,,2026-04-09T05:56:27.043152+00:00,2026-04-09T05:56:27.043152+00:00
c7dd9462-c418-4a4f-9012-4a158d72c278,5f7e9d0f-e91b-4a78-92f9-37505fa5aa3d,Kohlrabi,leaf,late_winter,,2026-04-09T05:56:27.043152+00:00,2026-04-09T05:56:27.043152+00:00
a2e5b13f-fe87-4695-9682-f159803e4e19,5f7e9d0f-e91b-4a78-92f9-37505fa5aa3d,Lettuces,leaf,late_winter,,2026-04-09T05:56:27.043152+00:00,2026-04-09T05:56:27.043152+00:00
4bef9d13-ccdb-4dcc-9605-80e723f5cb64,5f7e9d0f-e91b-4a78-92f9-37505fa5aa3d,Mizuna,leaf,late_winter,,2026-04-09T05:56:27.043152+00:00,2026-04-09T05:56:27.043152+00:00
83dddfaf-eb59-4595-bf29-c754943fe639,5f7e9d0f-e91b-4a78-92f9-37505fa5aa3d,Mustard Greens,leaf,late_winter,,2026-04-09T05:56:27.043152+00:00,2026-04-09T05:56:27.043152+00:00
af7dca87-9a27-4765-8c97-9fc035a804bb,5f7e9d0f-e91b-4a78-92f9-37505fa5aa3d,Nasturtium,leaf,late_winter,,2026-04-09T05:56:27.043152+00:00,2026-04-09T05:56:27.043152+00:00
c0924ef8-cc6e-4277-b009-da0bef57a09a,5f7e9d0f-e91b-4a78-92f9-37505fa5aa3d,Peppercorn,leaf,late_winter,,2026-04-09T05:56:27.043152+00:00,2026-04-09T05:56:27.043152+00:00
b291cfab-81e5-4b3c-9cb7-0bc6ec814611,5f7e9d0f-e91b-4a78-92f9-37505fa5aa3d,Sorrels,leaf,late_winter,,2026-04-09T05:56:27.043152+00:00,2026-04-09T05:56:27.043152+00:00
9d4a0b6a-813d-4ff6-9f17-31f7750bf31b,5f7e9d0f-e91b-4a78-92f9-37505fa5aa3d,Spigariello,leaf,late_winter,,2026-04-09T05:56:27.043152+00:00,2026-04-09T05:56:27.043152+00:00
e9baa72d-5e1c-4003-bcb0-12bff48afc61,5f7e9d0f-e91b-4a78-92f9-37505fa5aa3d,Spinach,leaf,late_winter,,2026-04-09T05:56:27.043152+00:00,2026-04-09T05:56:27.043152+00:00
5926ed8e-88dd-4d53-91a6-173f0fa7b701,5f7e9d0f-e91b-4a78-92f9-37505fa5aa3d,Swiss Chard,leaf,late_winter,,2026-04-09T05:56:27.043152+00:00,2026-04-09T05:56:27.043152+00:00
bb56633b-f407-4aac-b05d-00ca854bcf7f,5f7e9d0f-e91b-4a78-92f9-37505fa5aa3d,Wild Greens,leaf,late_winter,,2026-04-09T05:56:27.043152+00:00,2026-04-09T05:56:27.043152+00:00
1a057bf1-1907-493a-83b0-cbf2fea00194,5f7e9d0f-e91b-4a78-92f9-37505fa5aa3d,Baby Leeks,roots,late_winter,,2026-04-09T05:56:27.043152+00:00,2026-04-09T05:56:27.043152+00:00
3f3ba7e2-2eda-4636-b2b1-c28a6e3793c3,5f7e9d0f-e91b-4a78-92f9-37505fa5aa3d,Carrots,roots,late_winter,,2026-04-09T05:56:27.043152+00:00,2026-04-09T05:56:27.043152+00:00
ffc3add2-1b96-4446-a090-f9eb676e73a5,5f7e9d0f-e91b-4a78-92f9-37505fa5aa3d,Celeriac,roots,late_winter,,2026-04-09T05:56:27.043152+00:00,2026-04-09T05:56:27.043152+00:00
f6d760ab-10b4-4832-aea1-dbbd63717739,5f7e9d0f-e91b-4a78-92f9-37505fa5aa3d,Cilantro,roots,late_winter,,2026-04-09T05:56:27.043152+00:00,2026-04-09T05:56:27.043152+00:00
846afef5-bb35-475b-b7de-84b62f79790e,5f7e9d0f-e91b-4a78-92f9-37505fa5aa3d,"Daikon - White, Mixed Colors",roots,late_winter,,2026-04-09T05:56:27.043152+00:00,2026-04-09T05:56:27.043152+00:00
47fdc862-c5fd-48a4-892c-9cab26a16f18,5f7e9d0f-e91b-4a78-92f9-37505fa5aa3d,Hakurei Turnip,roots,late_winter,,2026-04-09T05:56:27.043152+00:00,2026-04-09T05:56:27.043152+00:00
a0cc5b5c-9811-4b28-84bb-31cbe1499779,5f7e9d0f-e91b-4a78-92f9-37505fa5aa3d,Negi,roots,late_winter,,2026-04-09T05:56:27.043152+00:00,2026-04-09T05:56:27.043152+00:00
87065e4a-2b65-445e-9d49-48feabfde65f,5f7e9d0f-e91b-4a78-92f9-37505fa5aa3d,Radish,roots,late_winter,,2026-04-09T05:56:27.043152+00:00,2026-04-09T05:56:27.043152+00:00
21852453-cef1-4ce6-ae83-877632fecbcc,5f7e9d0f-e91b-4a78-92f9-37505fa5aa3d,Wild Onions,roots,late_winter,,2026-04-09T05:56:27.043152+00:00,2026-04-09T05:56:27.043152+00:00
d84cdf3a-0735-4f63-820f-f0b6edcab06b,5f7e9d0f-e91b-4a78-92f9-37505fa5aa3d,Meyer Lemon,fruit,late_winter,,2026-04-09T05:56:27.043152+00:00,2026-04-09T05:56:27.043152+00:00
ce6a5f88-d229-4c26-bf2b-eaf2b4ee52db,5f7e9d0f-e91b-4a78-92f9-37505fa5aa3d,Navel Orange,fruit,late_winter,,2026-04-09T05:56:27.043152+00:00,2026-04-09T05:56:27.043152+00:00
4a3bcb6a-4a38-4a7b-a3f4-afbceef2b043,5f7e9d0f-e91b-4a78-92f9-37505fa5aa3d,"Bay Laurel - Leaf, Flower, Bud",wilds,late_winter,,2026-04-09T05:56:27.043152+00:00,2026-04-09T05:56:27.043152+00:00
b5fc8d64-0f72-4094-a121-7f6aeb4f2251,5f7e9d0f-e91b-4a78-92f9-37505fa5aa3d,"CA Bay - Leaf, Flower, Bud",wilds,late_winter,,2026-04-09T05:56:27.216709+00:00,2026-04-09T05:56:27.216709+00:00
d3ba4740-b07a-4ec0-ba52-acd784f7ed35,5f7e9d0f-e91b-4a78-92f9-37505fa5aa3d,Chickweed,wilds,late_winter,,2026-04-09T05:56:27.216709+00:00,2026-04-09T05:56:27.216709+00:00
fde6ec14-1013-45ad-9a2a-0f1c865e418a,5f7e9d0f-e91b-4a78-92f9-37505fa5aa3d,Eucalyptus,wilds,late_winter,,2026-04-09T05:56:27.216709+00:00,2026-04-09T05:56:27.216709+00:00
e95897f5-a392-4200-8a1a-2cf3e4accf81,5f7e9d0f-e91b-4a78-92f9-37505fa5aa3d,Miners Lettuce,wilds,late_winter,,2026-04-09T05:56:27.216709+00:00,2026-04-09T05:56:27.216709+00:00
14e991ff-a242-433d-afb6-3250d15b61a6,5f7e9d0f-e91b-4a78-92f9-37505fa5aa3d,Pink Peppercorn,wilds,late_winter,,2026-04-09T05:56:27.216709+00:00,2026-04-09T05:56:27.216709+00:00
b87cf9bf-6afe-4e24-8457-f268dcc22765,5f7e9d0f-e91b-4a78-92f9-37505fa5aa3d,Wild Chamomile - Leaf,wilds,late_winter,,2026-04-09T05:56:27.216709+00:00,2026-04-09T05:56:27.216709+00:00
0f8c66f0-47b7-4c73-800d-c1294f9b0b7c,5f7e9d0f-e91b-4a78-92f9-37505fa5aa3d,Wood Sorrel,wilds,late_winter,,2026-04-09T05:56:27.216709+00:00,2026-04-09T05:56:27.216709+00:00
f3e8df8c-c2b2-4472-bccb-672a3c994c32,5f7e9d0f-e91b-4a78-92f9-37505fa5aa3d,Celery/Lovage,micro,early_spring,,2026-04-09T05:56:27.216709+00:00,2026-04-09T05:56:27.216709+00:00
25cb7fbf-529c-44e0-b11d-1e7453cc2984,5f7e9d0f-e91b-4a78-92f9-37505fa5aa3d,Choys,micro,early_spring,,2026-04-09T05:56:27.216709+00:00,2026-04-09T05:56:27.216709+00:00
4fd74383-2ecd-4612-8006-71bbf7e9b805,5f7e9d0f-e91b-4a78-92f9-37505fa5aa3d,Fava,micro,early_spring,,2026-04-09T05:56:27.216709+00:00,2026-04-09T05:56:27.216709+00:00
9744cdf0-fb16-4059-92f9-b0898b86b542,5f7e9d0f-e91b-4a78-92f9-37505fa5aa3d,Kale,micro,early_spring,,2026-04-09T05:56:27.216709+00:00,2026-04-09T05:56:27.216709+00:00
6d2fe12a-3577-4080-8e6c-fd78db269704,5f7e9d0f-e91b-4a78-92f9-37505fa5aa3d,Marigold Gem,micro,early_spring,,2026-04-09T05:56:27.216709+00:00,2026-04-09T05:56:27.216709+00:00
ef8dc501-0bce-403e-9b67-fc7563bb1aa2,5f7e9d0f-e91b-4a78-92f9-37505fa5aa3d,Mustard,micro,early_spring,,2026-04-09T05:56:27.216709+00:00,2026-04-09T05:56:27.216709+00:00
acc6d11c-cbc7-4822-9f20-64f3ddf2a0ba,5f7e9d0f-e91b-4a78-92f9-37505fa5aa3d,Nasturtium,micro,early_spring,,2026-04-09T05:56:27.216709+00:00,2026-04-09T05:56:27.216709+00:00
39b3bf7b-cb5a-4787-8641-d23f671a01ef,5f7e9d0f-e91b-4a78-92f9-37505fa5aa3d,Pea,micro,early_spring,,2026-04-09T05:56:27.216709+00:00,2026-04-09T05:56:27.216709+00:00
11a4c784-e413-4cc0-8e3b-4d215f3b9d95,5f7e9d0f-e91b-4a78-92f9-37505fa5aa3d,Wasabi Arugula,micro,early_spring,,2026-04-09T05:56:27.216709+00:00,2026-04-09T05:56:27.216709+00:00
c58f649a-af28-4858-8114-b89ed355b069,5f7e9d0f-e91b-4a78-92f9-37505fa5aa3d,Watercress,micro,early_spring,,2026-04-09T05:56:27.216709+00:00,2026-04-09T05:56:27.216709+00:00
277e50c5-d674-4089-ab48-13e2ccab0e6b,5f7e9d0f-e91b-4a78-92f9-37505fa5aa3d,Alyssum,flowers,early_spring,,2026-04-09T05:56:27.216709+00:00,2026-04-09T05:56:27.216709+00:00
293891b3-51bc-42bb-9d28-938c2cc03c2f,5f7e9d0f-e91b-4a78-92f9-37505fa5aa3d,Borage,flowers,early_spring,,2026-04-09T05:56:27.216709+00:00,2026-04-09T05:56:27.216709+00:00
d5017032-6a05-472f-9fb9-0b50ebe40342,5f7e9d0f-e91b-4a78-92f9-37505fa5aa3d,Chickweed (March),flowers,early_spring,,2026-04-09T05:56:27.216709+00:00,2026-04-09T05:56:27.216709+00:00
dca46aea-c610-492a-aeee-ba16201d80d5,5f7e9d0f-e91b-4a78-92f9-37505fa5aa3d,Chive Buds,flowers,early_spring,,2026-04-09T05:56:27.216709+00:00,2026-04-09T05:56:27.216709+00:00
dd8be253-c742-4428-bad0-1229dc8adca3,5f7e9d0f-e91b-4a78-92f9-37505fa5aa3d,Chrysanthemum,flowers,early_spring,,2026-04-09T05:56:27.216709+00:00,2026-04-09T05:56:27.216709+00:00
22777b66-5bf7-4d7a-9e1b-12ba5d301bce,5f7e9d0f-e91b-4a78-92f9-37505fa5aa3d,Cress,flowers,early_spring,,2026-04-09T05:56:27.216709+00:00,2026-04-09T05:56:27.216709+00:00
58a35c31-b783-41bd-962d-5cded3446476,5f7e9d0f-e91b-4a78-92f9-37505fa5aa3d,Fava,flowers,early_spring,,2026-04-09T05:56:27.216709+00:00,2026-04-09T05:56:27.216709+00:00
3f1b39e6-21a0-49e9-9d13-62561bb32ade,5f7e9d0f-e91b-4a78-92f9-37505fa5aa3d,Mustard (Preserve),flowers,early_spring,,2026-04-09T05:56:27.216709+00:00,2026-04-09T05:56:27.216709+00:00
db244917-96d9-4939-aaf8-38d17240a62d,5f7e9d0f-e91b-4a78-92f9-37505fa5aa3d,Pea,flowers,early_spring,,2026-04-09T05:56:27.216709+00:00,2026-04-09T05:56:27.216709+00:00
f6085b13-07ec-4db0-931c-7098350c4410,5f7e9d0f-e91b-4a78-92f9-37505fa5aa3d,Pineapple Weed,flowers,early_spring,,2026-04-09T05:56:27.216709+00:00,2026-04-09T05:56:27.216709+00:00
fca7cd5c-56d4-4476-b24d-677a28730abe,5f7e9d0f-e91b-4a78-92f9-37505fa5aa3d,Radish,flowers,early_spring,,2026-04-09T05:56:27.216709+00:00,2026-04-09T05:56:27.216709+00:00
3b3aea87-0283-41ea-b72d-bf7282caf7d4,5f7e9d0f-e91b-4a78-92f9-37505fa5aa3d,Stone Fruit,flowers,early_spring,,2026-04-09T05:56:27.216709+00:00,2026-04-09T05:56:27.216709+00:00
feb9a33c-c0da-477a-a5a6-22b302ddb03b,5f7e9d0f-e91b-4a78-92f9-37505fa5aa3d,Viola,flowers,early_spring,,2026-04-09T05:56:27.216709+00:00,2026-04-09T05:56:27.216709+00:00
3cd20ab8-a356-4a89-a4b7-634a2b2e0c41,5f7e9d0f-e91b-4a78-92f9-37505fa5aa3d,Wasabi Arugula,flowers,early_spring,,2026-04-09T05:56:27.216709+00:00,2026-04-09T05:56:27.216709+00:00
d4c2cc4c-f913-4772-bc75-207aed44b44c,5f7e9d0f-e91b-4a78-92f9-37505fa5aa3d,Wild Onion,flowers,early_spring,,2026-04-09T05:56:27.216709+00:00,2026-04-09T05:56:27.216709+00:00
245a02cf-c6d9-44cf-a42d-288c55cb5817,5f7e9d0f-e91b-4a78-92f9-37505fa5aa3d,Baby Fennel Bulb,leaf,early_spring,,2026-04-09T05:56:27.216709+00:00,2026-04-09T05:56:27.216709+00:00
41fbd33b-6618-4f0c-847f-cf0b29dc8b70,5f7e9d0f-e91b-4a78-92f9-37505fa5aa3d,Broccoli/Mixed Raabs,leaf,early_spring,,2026-04-09T05:56:27.216709+00:00,2026-04-09T05:56:27.216709+00:00
08bef69b-7278-40c1-9aad-c9ffc050d45f,5f7e9d0f-e91b-4a78-92f9-37505fa5aa3d,Chrysanthemum,leaf,early_spring,,2026-04-09T05:56:27.216709+00:00,2026-04-09T05:56:27.216709+00:00
6d6040ae-b282-471c-b89e-e51ce9833e8e,5f7e9d0f-e91b-4a78-92f9-37505fa5aa3d,Cilantro,leaf,early_spring,,2026-04-09T05:56:27.216709+00:00,2026-04-09T05:56:27.216709+00:00
7134efc3-0b38-4ff2-ac53-0aa0bf2f2334,5f7e9d0f-e91b-4a78-92f9-37505fa5aa3d,Collard Raabs,leaf,early_spring,,2026-04-09T05:56:27.216709+00:00,2026-04-09T05:56:27.216709+00:00
08bf1134-acc6-47d9-806e-6804d22ea417,5f7e9d0f-e91b-4a78-92f9-37505fa5aa3d,Cover Crop,leaf,early_spring,,2026-04-09T05:56:27.216709+00:00,2026-04-09T05:56:27.216709+00:00
eb100795-16db-422b-be1d-908602fb4fff,5f7e9d0f-e91b-4a78-92f9-37505fa5aa3d,Fennel Leaf,leaf,early_spring,,2026-04-09T05:56:27.216709+00:00,2026-04-09T05:56:27.216709+00:00
6ca7fdad-07de-4335-9d4d-fbdf21a78742,5f7e9d0f-e91b-4a78-92f9-37505fa5aa3d,"Lettuces - Gem, Mini Butterhead",leaf,early_spring,,2026-04-09T05:56:27.216709+00:00,2026-04-09T05:56:27.216709+00:00
27844106-4f2a-49d0-b672-aa2898653de1,5f7e9d0f-e91b-4a78-92f9-37505fa5aa3d,Orach,leaf,early_spring,,2026-04-09T05:56:27.216709+00:00,2026-04-09T05:56:27.216709+00:00
c59ef0db-2201-4491-a110-4b238e937b4d,5f7e9d0f-e91b-4a78-92f9-37505fa5aa3d,Peppercorn,leaf,early_spring,,2026-04-09T05:56:27.216709+00:00,2026-04-09T05:56:27.216709+00:00
255d18eb-b6d6-47c8-a44f-ee68c988a812,5f7e9d0f-e91b-4a78-92f9-37505fa5aa3d,Sorrels,leaf,early_spring,,2026-04-09T05:56:27.216709+00:00,2026-04-09T05:56:27.216709+00:00
9acf4842-7f69-40e8-b3eb-1d8e70673452,5f7e9d0f-e91b-4a78-92f9-37505fa5aa3d,Sea Kale Forced,leaf,early_spring,,2026-04-09T05:56:27.216709+00:00,2026-04-09T05:56:27.216709+00:00
146d5e9c-759d-4ca5-8e76-a6574af2fe26,5f7e9d0f-e91b-4a78-92f9-37505fa5aa3d,Spinach,leaf,early_spring,,2026-04-09T05:56:27.216709+00:00,2026-04-09T05:56:27.216709+00:00
0855da71-0639-4994-84f0-7c467b950d3d,5f7e9d0f-e91b-4a78-92f9-37505fa5aa3d,Succulents,leaf,early_spring,,2026-04-09T05:56:27.216709+00:00,2026-04-09T05:56:27.216709+00:00
fbf28987-6152-4fdc-bc78-e698dba08ad6,5f7e9d0f-e91b-4a78-92f9-37505fa5aa3d,Swiss Chard,leaf,early_spring,,2026-04-09T05:56:27.216709+00:00,2026-04-09T05:56:27.216709+00:00
2a61c18e-4233-42db-86ec-ff21297b7d84,5f7e9d0f-e91b-4a78-92f9-37505fa5aa3d,Carrots,roots,early_spring,,2026-04-09T05:56:27.216709+00:00,2026-04-09T05:56:27.216709+00:00
9b56d85e-75da-4519-85c9-468ca595f3e8,5f7e9d0f-e91b-4a78-92f9-37505fa5aa3d,Green Garlic,roots,early_spring,,2026-04-09T05:56:27.216709+00:00,2026-04-09T05:56:27.216709+00:00
330150b0-cb41-4fd9-a9d4-f78f1a3d63a9,5f7e9d0f-e91b-4a78-92f9-37505fa5aa3d,Hakurei Turnip,roots,early_spring,,2026-04-09T05:56:27.216709+00:00,2026-04-09T05:56:27.216709+00:00
96b9d852-bb08-4fcf-ae3e-15e729a70d16,5f7e9d0f-e91b-4a78-92f9-37505fa5aa3d,Hinona Kabu,roots,early_spring,,2026-04-09T05:56:27.216709+00:00,2026-04-09T05:56:27.216709+00:00
39a61833-4d75-4e8c-a882-fbfd24101f9a,5f7e9d0f-e91b-4a78-92f9-37505fa5aa3d,Leeks (outgoing),roots,early_spring,,2026-04-09T05:56:27.216709+00:00,2026-04-09T05:56:27.216709+00:00
af1aa954-33dd-4abd-99d6-c4b020852835,5f7e9d0f-e91b-4a78-92f9-37505fa5aa3d,Negi,roots,early_spring,,2026-04-09T05:56:27.216709+00:00,2026-04-09T05:56:27.216709+00:00
c6ce49ce-2aa4-4b03-bbb3-2a9742a39b76,5f7e9d0f-e91b-4a78-92f9-37505fa5aa3d,Pearl Onions,roots,early_spring,,2026-04-09T05:56:27.216709+00:00,2026-04-09T05:56:27.216709+00:00
98ee2de1-3693-433a-a824-7229369ea44e,5f7e9d0f-e91b-4a78-92f9-37505fa5aa3d,Radish,roots,early_spring,,2026-04-09T05:56:27.216709+00:00,2026-04-09T05:56:27.216709+00:00
c3f0fe53-3f36-4f16-97f1-35856705827e,5f7e9d0f-e91b-4a78-92f9-37505fa5aa3d,Artichoke,fruit,early_spring,,2026-04-09T05:56:27.216709+00:00,2026-04-09T05:56:27.216709+00:00
a5c1b24b-6c1d-450a-8cca-ab4f310c009f,5f7e9d0f-e91b-4a78-92f9-37505fa5aa3d,Fava Beans - Tiny,fruit,early_spring,,2026-04-09T05:56:27.216709+00:00,2026-04-09T05:56:27.216709+00:00
ba7db980-dc05-4c57-b57a-d5ed7d8fa12b,5f7e9d0f-e91b-4a78-92f9-37505fa5aa3d,"Bay Laurel - Leaf, Flower, Bud",wilds,early_spring,,2026-04-09T05:56:27.216709+00:00,2026-04-09T05:56:27.216709+00:00
e36093f8-216c-4d0d-b91f-951d5b3a5943,5f7e9d0f-e91b-4a78-92f9-37505fa5aa3d,"CA Bay - Leaf, Flower, Bud",wilds,early_spring,,2026-04-09T05:56:27.216709+00:00,2026-04-09T05:56:27.216709+00:00
5f7b8088-368a-4ccf-b47e-8aae1f037098,5f7e9d0f-e91b-4a78-92f9-37505fa5aa3d,Eucalyptus,wilds,early_spring,,2026-04-09T05:56:27.216709+00:00,2026-04-09T05:56:27.216709+00:00
4133a0a7-a777-436e-8a7a-417b5bf36cb0,5f7e9d0f-e91b-4a78-92f9-37505fa5aa3d,Pink Peppercorn,wilds,early_spring,,2026-04-09T05:56:27.216709+00:00,2026-04-09T05:56:27.216709+00:00
a55a7306-dc97-4083-b14e-36724ad0029b,5f7e9d0f-e91b-4a78-92f9-37505fa5aa3d,Wild Chamomile - Flower,wilds,early_spring,,2026-04-09T05:56:27.216709+00:00,2026-04-09T05:56:27.216709+00:00
2977f60f-993c-4a05-a100-9da41c2a97e1,5f7e9d0f-e91b-4a78-92f9-37505fa5aa3d,Wild Onion Flowers,wilds,early_spring,,2026-04-09T05:56:27.216709+00:00,2026-04-09T05:56:27.216709+00:00
b4228cdd-ede6-41ae-bffe-edfc7cc997dc,5f7e9d0f-e91b-4a78-92f9-37505fa5aa3d,Pine/Fir Tips,wilds,early_spring,,2026-04-09T05:56:27.216709+00:00,2026-04-09T05:56:27.216709+00:00
a7176145-b144-440d-8318-2a0273908207,5f7e9d0f-e91b-4a78-92f9-37505fa5aa3d,Green Almond,wilds,early_spring,,2026-04-09T05:56:27.216709+00:00,2026-04-09T05:56:27.216709+00:00
7a916da5-7941-488d-ba62-dc9b2f7dd09c,5f7e9d0f-e91b-4a78-92f9-37505fa5aa3d,Amaranth,micro,late_spring,,2026-04-09T05:56:27.216709+00:00,2026-04-09T05:56:27.216709+00:00
75fcdc1d-85fd-499c-8348-236cfb459059,5f7e9d0f-e91b-4a78-92f9-37505fa5aa3d,Anise Hyssop,micro,late_spring,,2026-04-09T05:56:27.216709+00:00,2026-04-09T05:56:27.216709+00:00
2850a1d3-c85e-4707-bd9f-df83b61c5bf6,5f7e9d0f-e91b-4a78-92f9-37505fa5aa3d,Basil,micro,late_spring,,2026-04-09T05:56:27.216709+00:00,2026-04-09T05:56:27.216709+00:00
4fc4de91-a70e-48e7-a658-c7f8bedeaf8f,5f7e9d0f-e91b-4a78-92f9-37505fa5aa3d,Celery,micro,late_spring,,2026-04-09T05:56:27.216709+00:00,2026-04-09T05:56:27.216709+00:00
b9c90bc1-2e03-4bc1-b01b-fb52011309a7,5f7e9d0f-e91b-4a78-92f9-37505fa5aa3d,Cover Crop,micro,late_spring,,2026-04-09T05:56:27.216709+00:00,2026-04-09T05:56:27.216709+00:00
5905c0a2-53d5-4335-88f0-45f4b73ebd80,5f7e9d0f-e91b-4a78-92f9-37505fa5aa3d,Gem Marigold,micro,late_spring,,2026-04-09T05:56:27.216709+00:00,2026-04-09T05:56:27.216709+00:00
761db6de-c041-42c9-9898-7a7f862cbef3,5f7e9d0f-e91b-4a78-92f9-37505fa5aa3d,Lambs Quarter,micro,late_spring,,2026-04-09T05:56:27.216709+00:00,2026-04-09T05:56:27.216709+00:00
f8f26b6d-d96f-4045-af03-f979bdf75a8f,5f7e9d0f-e91b-4a78-92f9-37505fa5aa3d,Nasturtium,micro,late_spring,,2026-04-09T05:56:27.216709+00:00,2026-04-09T05:56:27.216709+00:00
05ad5679-2e62-420a-b2ce-69d12b799b15,5f7e9d0f-e91b-4a78-92f9-37505fa5aa3d,Purslane,micro,late_spring,,2026-04-09T05:56:27.216709+00:00,2026-04-09T05:56:27.216709+00:00
dcb1178d-04ae-4f81-943b-12cf2e1dd19d,5f7e9d0f-e91b-4a78-92f9-37505fa5aa3d,Shiso,micro,late_spring,,2026-04-09T05:56:27.216709+00:00,2026-04-09T05:56:27.216709+00:00
dab638a5-0329-410f-a8f8-f6945fa1a4e9,5f7e9d0f-e91b-4a78-92f9-37505fa5aa3d,Sunflower,micro,late_spring,,2026-04-09T05:56:27.216709+00:00,2026-04-09T05:56:27.216709+00:00
2277b460-007d-41de-89af-2da3ca3e7271,5f7e9d0f-e91b-4a78-92f9-37505fa5aa3d,Tiny Pearl Onions,micro,late_spring,,2026-04-09T05:56:27.216709+00:00,2026-04-09T05:56:27.216709+00:00
8d03f640-503f-4cd2-8ffa-f0c948955768,5f7e9d0f-e91b-4a78-92f9-37505fa5aa3d,Wasabi Arugula,micro,late_spring,,2026-04-09T05:56:27.216709+00:00,2026-04-09T05:56:27.216709+00:00
c0864177-71be-4d88-ab06-ce995b4a95fa,5f7e9d0f-e91b-4a78-92f9-37505fa5aa3d,Bachelor Buttons (May),flowers,late_spring,,2026-04-09T05:56:27.216709+00:00,2026-04-09T05:56:27.216709+00:00
ff891eca-0355-40e1-9d95-f24f3159377d,5f7e9d0f-e91b-4a78-92f9-37505fa5aa3d,Bean (May),flowers,late_spring,,2026-04-09T05:56:27.216709+00:00,2026-04-09T05:56:27.216709+00:00
a9c31839-5654-4b1e-a7fd-fdd5727274a1,5f7e9d0f-e91b-4a78-92f9-37505fa5aa3d,Borage,flowers,late_spring,,2026-04-09T05:56:27.216709+00:00,2026-04-09T05:56:27.216709+00:00
af6c5056-5a6a-4c94-b3d4-cb814758968a,5f7e9d0f-e91b-4a78-92f9-37505fa5aa3d,Carrot,flowers,late_spring,,2026-04-09T05:56:27.216709+00:00,2026-04-09T05:56:27.216709+00:00
28f64d92-2248-41d6-aa50-6193e43960fe,5f7e9d0f-e91b-4a78-92f9-37505fa5aa3d,Chamomile,flowers,late_spring,,2026-04-09T05:56:27.216709+00:00,2026-04-09T05:56:27.216709+00:00
ce77db76-8093-4f04-acf9-d61749e45fae,5f7e9d0f-e91b-4a78-92f9-37505fa5aa3d,"Chive, common",flowers,late_spring,,2026-04-09T05:56:27.216709+00:00,2026-04-09T05:56:27.216709+00:00
705acdd9-0ce5-49c7-9c97-a1ec34fd9718,5f7e9d0f-e91b-4a78-92f9-37505fa5aa3d,Cilantro,flowers,late_spring,,2026-04-09T05:56:27.216709+00:00,2026-04-09T05:56:27.216709+00:00
f1b08712-d19c-4c0e-a549-b99ba562c6af,5f7e9d0f-e91b-4a78-92f9-37505fa5aa3d,Citrus,flowers,late_spring,,2026-04-09T05:56:27.216709+00:00,2026-04-09T05:56:27.216709+00:00
3f8cb9e1-7b17-4714-8ac2-b374352866be,5f7e9d0f-e91b-4a78-92f9-37505fa5aa3d,Marigolds (May),flowers,late_spring,,2026-04-09T05:56:27.216709+00:00,2026-04-09T05:56:27.216709+00:00
677b9c94-fc0c-4f38-b014-6a5b5d085970,5f7e9d0f-e91b-4a78-92f9-37505fa5aa3d,Mustard Flowers,flowers,late_spring,,2026-04-09T05:56:27.216709+00:00,2026-04-09T05:56:27.216709+00:00
e7605596-cfb8-4af7-a066-28941322b288,5f7e9d0f-e91b-4a78-92f9-37505fa5aa3d,Nasturtium,flowers,late_spring,,2026-04-09T05:56:27.216709+00:00,2026-04-09T05:56:27.216709+00:00
d5b644d0-3e93-445f-8388-80c803649192,5f7e9d0f-e91b-4a78-92f9-37505fa5aa3d,Pea (April),flowers,late_spring,,2026-04-09T05:56:27.216709+00:00,2026-04-09T05:56:27.216709+00:00
12dd0744-97fb-4e67-8e6a-265c3cd53a58,5f7e9d0f-e91b-4a78-92f9-37505fa5aa3d,Radish,flowers,late_spring,,2026-04-09T05:56:27.216709+00:00,2026-04-09T05:56:27.216709+00:00
67826b39-5212-45ab-91f0-370c2937441d,5f7e9d0f-e91b-4a78-92f9-37505fa5aa3d,Rose,flowers,late_spring,,2026-04-09T05:56:27.216709+00:00,2026-04-09T05:56:27.216709+00:00
ce5ec752-73e9-4563-b3d1-a953dd9e3507,5f7e9d0f-e91b-4a78-92f9-37505fa5aa3d,Sorrel (Cultivated),flowers,late_spring,,2026-04-09T05:56:27.216709+00:00,2026-04-09T05:56:27.216709+00:00
b1d61dc7-9104-4b95-b479-571ea5a37f4e,5f7e9d0f-e91b-4a78-92f9-37505fa5aa3d,Sunflower (flowers/buds) (June),flowers,late_spring,,2026-04-09T05:56:27.216709+00:00,2026-04-09T05:56:27.216709+00:00
f15e14ce-7459-4aa5-8135-9d60159dc0da,5f7e9d0f-e91b-4a78-92f9-37505fa5aa3d,Thyme,flowers,late_spring,,2026-04-09T05:56:27.216709+00:00,2026-04-09T05:56:27.216709+00:00
1ec79b91-de10-47c1-b421-d86a113e1b37,5f7e9d0f-e91b-4a78-92f9-37505fa5aa3d,Wild Onion (April only),flowers,late_spring,,2026-04-09T05:56:27.216709+00:00,2026-04-09T05:56:27.216709+00:00
f9758aa1-841a-4089-8f19-75ec17a5b5ce,5f7e9d0f-e91b-4a78-92f9-37505fa5aa3d,Artichoke,leaf,late_spring,,2026-04-09T05:56:27.216709+00:00,2026-04-09T05:56:27.216709+00:00
cbecaa22-8650-47fd-aa9f-2ff0b0f66d12,5f7e9d0f-e91b-4a78-92f9-37505fa5aa3d,Asparagus - Tiny (May),leaf,late_spring,,2026-04-09T05:56:27.216709+00:00,2026-04-09T05:56:27.216709+00:00
62e0061c-5062-4264-bbc3-785e7d520faa,5f7e9d0f-e91b-4a78-92f9-37505fa5aa3d,Baby Fennel Bulb,leaf,late_spring,,2026-04-09T05:56:27.216709+00:00,2026-04-09T05:56:27.216709+00:00
67904b29-de99-4c02-abc5-dcaa1d000b96,5f7e9d0f-e91b-4a78-92f9-37505fa5aa3d,Basil (May) Leaf,leaf,late_spring,,2026-04-09T05:56:27.216709+00:00,2026-04-09T05:56:27.216709+00:00
3284a971-3c0a-4e8e-a95f-9f99d4196352,5f7e9d0f-e91b-4a78-92f9-37505fa5aa3d,Broccoli/Mixed Raabs,leaf,late_spring,,2026-04-09T05:56:27.310064+00:00,2026-04-09T05:56:27.310064+00:00
c881fd12-d3b6-4008-9532-9d45b9ea6ccf,5f7e9d0f-e91b-4a78-92f9-37505fa5aa3d,Cabbage - Conical/Savoy (May),leaf,late_spring,,2026-04-09T05:56:27.310064+00:00,2026-04-09T05:56:27.310064+00:00
a2b68388-e7ed-4824-8309-e124adb7379f,5f7e9d0f-e91b-4a78-92f9-37505fa5aa3d,Cardoon,leaf,late_spring,,2026-04-09T05:56:27.310064+00:00,2026-04-09T05:56:27.310064+00:00
9901eac9-ccd8-4b5f-92ac-5341d7df2b41,5f7e9d0f-e91b-4a78-92f9-37505fa5aa3d,Cauliflower - Sprouting,leaf,late_spring,,2026-04-09T05:56:27.310064+00:00,2026-04-09T05:56:27.310064+00:00
a89fefbb-5c29-4384-876d-1895a7ca9017,5f7e9d0f-e91b-4a78-92f9-37505fa5aa3d,Cherry Leaf,leaf,late_spring,,2026-04-09T05:56:27.310064+00:00,2026-04-09T05:56:27.310064+00:00
1300c889-a9df-4409-acb0-2e3581143f71,5f7e9d0f-e91b-4a78-92f9-37505fa5aa3d,Chrysanthemum,leaf,late_spring,,2026-04-09T05:56:27.310064+00:00,2026-04-09T05:56:27.310064+00:00
bcf4439e-b20e-4ee3-a1c7-b8cf360f8acd,5f7e9d0f-e91b-4a78-92f9-37505fa5aa3d,Citrus - Young Tips,leaf,late_spring,,2026-04-09T05:56:27.310064+00:00,2026-04-09T05:56:27.310064+00:00
9a94c1f5-fabc-42d8-b74b-3125b532da8f,5f7e9d0f-e91b-4a78-92f9-37505fa5aa3d,Fennel Leaf,leaf,late_spring,,2026-04-09T05:56:27.310064+00:00,2026-04-09T05:56:27.310064+00:00
c92eb5db-9280-4653-b5dc-5541b18be776,5f7e9d0f-e91b-4a78-92f9-37505fa5aa3d,Field Salad Mix,leaf,late_spring,,2026-04-09T05:56:27.310064+00:00,2026-04-09T05:56:27.310064+00:00
c89d419f-687b-4176-afa3-3201ebff3040,5f7e9d0f-e91b-4a78-92f9-37505fa5aa3d,Fig,leaf,late_spring,,2026-04-09T05:56:27.310064+00:00,2026-04-09T05:56:27.310064+00:00
12575e73-5986-480b-a89f-255f09cfa517,5f7e9d0f-e91b-4a78-92f9-37505fa5aa3d,Kohlrabi,leaf,late_spring,,2026-04-09T05:56:27.310064+00:00,2026-04-09T05:56:27.310064+00:00
6905061c-acc0-44e8-8df4-35511ab86e39,5f7e9d0f-e91b-4a78-92f9-37505fa5aa3d,"Lettuces - Gem, Butterhead",leaf,late_spring,,2026-04-09T05:56:27.310064+00:00,2026-04-09T05:56:27.310064+00:00
33f8a552-5145-4fcb-806d-0d0a382d945f,5f7e9d0f-e91b-4a78-92f9-37505fa5aa3d,Nasturtium,leaf,late_spring,,2026-04-09T05:56:27.310064+00:00,2026-04-09T05:56:27.310064+00:00
f49fa630-3d9e-440b-a5ce-3a3f6e5024df,5f7e9d0f-e91b-4a78-92f9-37505fa5aa3d,Peach Leaf,leaf,late_spring,,2026-04-09T05:56:27.310064+00:00,2026-04-09T05:56:27.310064+00:00
be7d5f93-3427-496e-a59e-3c5ba87e41e5,5f7e9d0f-e91b-4a78-92f9-37505fa5aa3d,Peppercorn,leaf,late_spring,,2026-04-09T05:56:27.310064+00:00,2026-04-09T05:56:27.310064+00:00
5016264b-986a-484e-94a9-8dce00da63bd,5f7e9d0f-e91b-4a78-92f9-37505fa5aa3d,Purslane,leaf,late_spring,,2026-04-09T05:56:27.310064+00:00,2026-04-09T05:56:27.310064+00:00
01315b25-5430-4e7c-9c1f-67900bef0add,5f7e9d0f-e91b-4a78-92f9-37505fa5aa3d,Rhubarb,leaf,late_spring,,2026-04-09T05:56:27.310064+00:00,2026-04-09T05:56:27.310064+00:00
933271d6-6fa8-4f55-a3cd-7f8c2bfa1f54,5f7e9d0f-e91b-4a78-92f9-37505fa5aa3d,Sorrels,leaf,late_spring,,2026-04-09T05:56:27.310064+00:00,2026-04-09T05:56:27.310064+00:00
5eb6f45e-da11-4beb-bd83-4a1783ecf597,5f7e9d0f-e91b-4a78-92f9-37505fa5aa3d,Succulents,leaf,late_spring,,2026-04-09T05:56:27.310064+00:00,2026-04-09T05:56:27.310064+00:00
d184ae6a-78cf-42e1-b0d6-3e9526487051,5f7e9d0f-e91b-4a78-92f9-37505fa5aa3d,Lemon Balm (outgoing),leaf,late_spring,,2026-04-09T05:56:27.310064+00:00,2026-04-09T05:56:27.310064+00:00
89c008a1-6ebb-4f68-8a7b-39c2c739b026,5f7e9d0f-e91b-4a78-92f9-37505fa5aa3d,Beets - Golden (May),roots,late_spring,,2026-04-09T05:56:27.310064+00:00,2026-04-09T05:56:27.310064+00:00
55664917-ee94-4344-ae18-762eabc5336c,5f7e9d0f-e91b-4a78-92f9-37505fa5aa3d,Carrots - Round,roots,late_spring,,2026-04-09T05:56:27.310064+00:00,2026-04-09T05:56:27.310064+00:00
964c9ad3-28dc-4296-a48d-f8074e0086ad,5f7e9d0f-e91b-4a78-92f9-37505fa5aa3d,Carrots,roots,late_spring,,2026-04-09T05:56:27.310064+00:00,2026-04-09T05:56:27.310064+00:00
1cea6320-d284-452d-9e17-b1ee138d1f50,5f7e9d0f-e91b-4a78-92f9-37505fa5aa3d,Green Garlic (outgoing),roots,late_spring,,2026-04-09T05:56:27.310064+00:00,2026-04-09T05:56:27.310064+00:00
335507ed-6dab-48fd-8c43-e51bba597e5b,5f7e9d0f-e91b-4a78-92f9-37505fa5aa3d,Hinona Kabu (April),roots,late_spring,,2026-04-09T05:56:27.310064+00:00,2026-04-09T05:56:27.310064+00:00
aa3bf158-0c99-40c6-811a-8169221cc248,5f7e9d0f-e91b-4a78-92f9-37505fa5aa3d,Large Hakurei,roots,late_spring,,2026-04-09T05:56:27.310064+00:00,2026-04-09T05:56:27.310064+00:00
17c75f75-5fa9-4613-87b8-b441fbe2c58c,5f7e9d0f-e91b-4a78-92f9-37505fa5aa3d,Pearl Onions,roots,late_spring,,2026-04-09T05:56:27.310064+00:00,2026-04-09T05:56:27.310064+00:00
7680ab4a-0b04-410a-b472-b804a8b7decc,5f7e9d0f-e91b-4a78-92f9-37505fa5aa3d,Radish,roots,late_spring,,2026-04-09T05:56:27.310064+00:00,2026-04-09T05:56:27.310064+00:00
9ed7d949-6e79-4c77-8b09-3340e0c47f53,5f7e9d0f-e91b-4a78-92f9-37505fa5aa3d,Round Carrots (May),roots,late_spring,,2026-04-09T05:56:27.310064+00:00,2026-04-09T05:56:27.310064+00:00
5e82b222-766f-4611-b9bd-b760e63702f7,5f7e9d0f-e91b-4a78-92f9-37505fa5aa3d,Spring onions,roots,late_spring,,2026-04-09T05:56:27.310064+00:00,2026-04-09T05:56:27.310064+00:00
6f5c2514-0f26-4dfa-b95b-6cc5d2edeb09,5f7e9d0f-e91b-4a78-92f9-37505fa5aa3d,French Shallots,roots,late_spring,,2026-04-09T05:56:27.310064+00:00,2026-04-09T05:56:27.310064+00:00
2533fe2f-cbb5-4258-b3b2-30b76eb78a0d,5f7e9d0f-e91b-4a78-92f9-37505fa5aa3d,Fava Beans,fruit,late_spring,,2026-04-09T05:56:27.310064+00:00,2026-04-09T05:56:27.310064+00:00
5a84a15e-fe8d-4e07-a136-b9441ba1c8e3,5f7e9d0f-e91b-4a78-92f9-37505fa5aa3d,Green Currants,fruit,late_spring,,2026-04-09T05:56:27.310064+00:00,2026-04-09T05:56:27.310064+00:00
d8a57127-ed26-4efa-923a-78888dec02b8,5f7e9d0f-e91b-4a78-92f9-37505fa5aa3d,"Green Seeds - Coriander, Sea Kale",fruit,late_spring,,2026-04-09T05:56:27.310064+00:00,2026-04-09T05:56:27.310064+00:00
649a5310-f7b4-4601-b8ee-75f7befa8d52,5f7e9d0f-e91b-4a78-92f9-37505fa5aa3d,Iceplant Capers,fruit,late_spring,,2026-04-09T05:56:27.310064+00:00,2026-04-09T05:56:27.310064+00:00
31a04e23-15f5-40f4-8c8e-1da8d1da14dc,5f7e9d0f-e91b-4a78-92f9-37505fa5aa3d,Nasturtium Capers,fruit,late_spring,,2026-04-09T05:56:27.310064+00:00,2026-04-09T05:56:27.310064+00:00
aae9a89e-6098-4b6d-8e43-31bfbe24aec3,5f7e9d0f-e91b-4a78-92f9-37505fa5aa3d,Nasturtium Pods,fruit,late_spring,,2026-04-09T05:56:27.310064+00:00,2026-04-09T05:56:27.310064+00:00
5c6600dc-7df6-4fca-a516-25e2801055ee,5f7e9d0f-e91b-4a78-92f9-37505fa5aa3d,Peas (April only),fruit,late_spring,,2026-04-09T05:56:27.310064+00:00,2026-04-09T05:56:27.310064+00:00
41f86fb3-811a-45d7-86c4-b4f94a030f6f,5f7e9d0f-e91b-4a78-92f9-37505fa5aa3d,Peppercorns,fruit,late_spring,,2026-04-09T05:56:27.310064+00:00,2026-04-09T05:56:27.310064+00:00
c2ffc8fd-01fe-4bc8-a354-3c91f246970a,5f7e9d0f-e91b-4a78-92f9-37505fa5aa3d,"Radish Pods - Purple, Rattail",fruit,late_spring,,2026-04-09T05:56:27.310064+00:00,2026-04-09T05:56:27.310064+00:00
d985439e-4874-4032-9713-d3732be367af,5f7e9d0f-e91b-4a78-92f9-37505fa5aa3d,Strawberries,fruit,late_spring,,2026-04-09T05:56:27.310064+00:00,2026-04-09T05:56:27.310064+00:00
30adc25a-6b7f-4514-bca0-c4149028d41d,5f7e9d0f-e91b-4a78-92f9-37505fa5aa3d,Wild Onion Capers,fruit,late_spring,,2026-04-09T05:56:27.310064+00:00,2026-04-09T05:56:27.310064+00:00
8ee7b67d-330c-44c2-9a51-b955358b40c7,5f7e9d0f-e91b-4a78-92f9-37505fa5aa3d,Conifer Tips,wilds,late_spring,,2026-04-09T05:56:27.310064+00:00,2026-04-09T05:56:27.310064+00:00
940304c0-8069-4736-b271-dbd89742318b,5f7e9d0f-e91b-4a78-92f9-37505fa5aa3d,Grape Leaves,wilds,late_spring,,2026-04-09T05:56:27.310064+00:00,2026-04-09T05:56:27.310064+00:00
f18e3fd9-5d5c-4980-ab43-5335c25598ed,5f7e9d0f-e91b-4a78-92f9-37505fa5aa3d,Green Peppercorns,wilds,late_spring,,2026-04-09T05:56:27.310064+00:00,2026-04-09T05:56:27.310064+00:00
2dd0316b-7d9a-43d3-b841-bac40f448d87,5f7e9d0f-e91b-4a78-92f9-37505fa5aa3d,Peppercorn Leaf,wilds,late_spring,,2026-04-09T05:56:27.310064+00:00,2026-04-09T05:56:27.310064+00:00
2105bd50-3787-447d-a137-78be0181d19d,5f7e9d0f-e91b-4a78-92f9-37505fa5aa3d,Spicebush Leaf,wilds,late_spring,,2026-04-09T05:56:27.310064+00:00,2026-04-09T05:56:27.310064+00:00
02a78980-6a7b-4eae-8dc6-0e3ad84e4a9a,5f7e9d0f-e91b-4a78-92f9-37505fa5aa3d,Elder Flower,wilds,late_spring,,2026-04-09T05:56:27.310064+00:00,2026-04-09T05:56:27.310064+00:00
04dd8212-3c91-4960-803e-26c5e8a2bdf6,5f7e9d0f-e91b-4a78-92f9-37505fa5aa3d,Cherry Plums - Unripe (may),wilds,late_spring,,2026-04-09T05:56:27.310064+00:00,2026-04-09T05:56:27.310064+00:00
194febef-908d-4720-99e7-cd1d282c78aa,5f7e9d0f-e91b-4a78-92f9-37505fa5aa3d,Amaranth,micro,early_summer,,2026-04-09T05:56:27.310064+00:00,2026-04-09T05:56:27.310064+00:00
a826adee-38ee-45b3-b935-e866ee50e1d3,5f7e9d0f-e91b-4a78-92f9-37505fa5aa3d,Basil,micro,early_summer,,2026-04-09T05:56:27.310064+00:00,2026-04-09T05:56:27.310064+00:00
65e56f41-0857-46b7-ab73-dd20071e0aab,5f7e9d0f-e91b-4a78-92f9-37505fa5aa3d,Buckwheat,micro,early_summer,,2026-04-09T05:56:27.310064+00:00,2026-04-09T05:56:27.310064+00:00
c8a55ac4-9255-49f9-bc2c-847f0e1ae5da,5f7e9d0f-e91b-4a78-92f9-37505fa5aa3d,Cover Crop,micro,early_summer,,2026-04-09T05:56:27.310064+00:00,2026-04-09T05:56:27.310064+00:00
687edf91-89a2-4046-b0b6-17020cafa1a3,5f7e9d0f-e91b-4a78-92f9-37505fa5aa3d,Gem Marigold,micro,early_summer,,2026-04-09T05:56:27.310064+00:00,2026-04-09T05:56:27.310064+00:00
ebbbca17-d571-4f11-9625-da8bc0e4a33c,5f7e9d0f-e91b-4a78-92f9-37505fa5aa3d,Lambs Quarter,micro,early_summer,,2026-04-09T05:56:27.310064+00:00,2026-04-09T05:56:27.310064+00:00
ac3be542-66d1-4263-a1d3-175ff12d7dab,5f7e9d0f-e91b-4a78-92f9-37505fa5aa3d,Malabar,micro,early_summer,,2026-04-09T05:56:27.310064+00:00,2026-04-09T05:56:27.310064+00:00
37d562b9-d12a-4c36-8803-fba30909c818,5f7e9d0f-e91b-4a78-92f9-37505fa5aa3d,Nasturtium,micro,early_summer,,2026-04-09T05:56:27.310064+00:00,2026-04-09T05:56:27.310064+00:00
f2b9544b-76cf-40d9-94f8-3044f374d704,5f7e9d0f-e91b-4a78-92f9-37505fa5aa3d,Purslane,micro,early_summer,,2026-04-09T05:56:27.310064+00:00,2026-04-09T05:56:27.310064+00:00
d7ce0f65-8d05-412e-b403-0c773d1e0ce0,5f7e9d0f-e91b-4a78-92f9-37505fa5aa3d,Shiso,micro,early_summer,,2026-04-09T05:56:27.310064+00:00,2026-04-09T05:56:27.310064+00:00
6dd9f4f5-ce4e-4582-af9b-244c30088424,5f7e9d0f-e91b-4a78-92f9-37505fa5aa3d,Sun-Kissed Herbs,micro,early_summer,,2026-04-09T05:56:27.310064+00:00,2026-04-09T05:56:27.310064+00:00
c4551d25-f095-4745-87cb-d42ac41d6c7c,5f7e9d0f-e91b-4a78-92f9-37505fa5aa3d,Sunflower Sprouts,micro,early_summer,,2026-04-09T05:56:27.310064+00:00,2026-04-09T05:56:27.310064+00:00
89a03c27-ccb9-4234-a241-26e78b75a517,5f7e9d0f-e91b-4a78-92f9-37505fa5aa3d,Alyssum - Mixed Colors,flowers,early_summer,,2026-04-09T05:56:27.310064+00:00,2026-04-09T05:56:27.310064+00:00
52d18bfb-cfe0-4735-8ea2-73bcbd060d09,5f7e9d0f-e91b-4a78-92f9-37505fa5aa3d,Anise,flowers,early_summer,,2026-04-09T05:56:27.310064+00:00,2026-04-09T05:56:27.310064+00:00
3f0ca019-e001-48c3-bd81-14ccfecea83d,5f7e9d0f-e91b-4a78-92f9-37505fa5aa3d,Bachelor Button,flowers,early_summer,,2026-04-09T05:56:27.310064+00:00,2026-04-09T05:56:27.310064+00:00
7f575bc1-1689-4a8e-a7e0-1e074fe540b0,5f7e9d0f-e91b-4a78-92f9-37505fa5aa3d,Bean,flowers,early_summer,,2026-04-09T05:56:27.310064+00:00,2026-04-09T05:56:27.310064+00:00
8f140bec-81b6-41e2-98c3-4e0f888d3abe,5f7e9d0f-e91b-4a78-92f9-37505fa5aa3d,Borage,flowers,early_summer,,2026-04-09T05:56:27.310064+00:00,2026-04-09T05:56:27.310064+00:00
5bb9208d-a8de-46af-889e-073aa27f0142,5f7e9d0f-e91b-4a78-92f9-37505fa5aa3d,Brassica Flowers,flowers,early_summer,,2026-04-09T05:56:27.310064+00:00,2026-04-09T05:56:27.310064+00:00
0de5b346-755f-47c5-9283-57b34b706d97,5f7e9d0f-e91b-4a78-92f9-37505fa5aa3d,Buckwheat,flowers,early_summer,,2026-04-09T05:56:27.310064+00:00,2026-04-09T05:56:27.310064+00:00
122690ba-9142-46b5-9a74-3ef29d604a21,5f7e9d0f-e91b-4a78-92f9-37505fa5aa3d,Caraway,flowers,early_summer,,2026-04-09T05:56:27.310064+00:00,2026-04-09T05:56:27.310064+00:00
d825c6be-0049-4425-a0d7-c97198dbde8d,5f7e9d0f-e91b-4a78-92f9-37505fa5aa3d,Carrot,flowers,early_summer,,2026-04-09T05:56:27.310064+00:00,2026-04-09T05:56:27.310064+00:00
6ecb229a-af3c-4b8a-ac9e-55c267893ff0,5f7e9d0f-e91b-4a78-92f9-37505fa5aa3d,Chrysanthemum (lots),flowers,early_summer,,2026-04-09T05:56:27.310064+00:00,2026-04-09T05:56:27.310064+00:00
ab1c94f9-abca-4444-b3b0-f1216a5dea0c,5f7e9d0f-e91b-4a78-92f9-37505fa5aa3d,Cilantro,flowers,early_summer,,2026-04-09T05:56:27.310064+00:00,2026-04-09T05:56:27.310064+00:00
845dc12c-bb34-4b29-8fd4-76bfca12ab39,5f7e9d0f-e91b-4a78-92f9-37505fa5aa3d,Cucumber,flowers,early_summer,,2026-04-09T05:56:27.310064+00:00,2026-04-09T05:56:27.310064+00:00
5783218d-e271-491a-8e58-e4e1e3f79d5f,5f7e9d0f-e91b-4a78-92f9-37505fa5aa3d,Daylilies,flowers,early_summer,,2026-04-09T05:56:27.310064+00:00,2026-04-09T05:56:27.310064+00:00
1f34ad4e-76df-45a2-bca0-824376750306,5f7e9d0f-e91b-4a78-92f9-37505fa5aa3d,Fennel,flowers,early_summer,,2026-04-09T05:56:27.310064+00:00,2026-04-09T05:56:27.310064+00:00
12fe6737-a028-478a-91af-368fb06bcc51,5f7e9d0f-e91b-4a78-92f9-37505fa5aa3d,Marigolds,flowers,early_summer,,2026-04-09T05:56:27.310064+00:00,2026-04-09T05:56:27.310064+00:00
755decbb-0782-48c2-8d62-8493e454c555,5f7e9d0f-e91b-4a78-92f9-37505fa5aa3d,Mint Flowers,flowers,early_summer,,2026-04-09T05:56:27.310064+00:00,2026-04-09T05:56:27.310064+00:00
c9b5373a-4c99-4a25-a067-89944a62598e,5f7e9d0f-e91b-4a78-92f9-37505fa5aa3d,"Rose - Magenta, Peach white",flowers,early_summer,,2026-04-09T05:56:27.310064+00:00,2026-04-09T05:56:27.310064+00:00
0a118261-d4e3-4434-af7a-abb589d7b2aa,5f7e9d0f-e91b-4a78-92f9-37505fa5aa3d,Sorrel,flowers,early_summer,,2026-04-09T05:56:27.310064+00:00,2026-04-09T05:56:27.310064+00:00
788458dc-81e0-43e0-af2a-664060bcdd80,5f7e9d0f-e91b-4a78-92f9-37505fa5aa3d,Spicebush,flowers,early_summer,,2026-04-09T05:56:27.310064+00:00,2026-04-09T05:56:27.310064+00:00
961fb041-3845-471b-9441-66e35700457f,5f7e9d0f-e91b-4a78-92f9-37505fa5aa3d,Squash Blossoms,flowers,early_summer,,2026-04-09T05:56:27.310064+00:00,2026-04-09T05:56:27.310064+00:00
6fe2d6d4-5b0d-4fce-881f-feaf601a8628,5f7e9d0f-e91b-4a78-92f9-37505fa5aa3d,"Sunflower, Buds & Flowers",flowers,early_summer,,2026-04-09T05:56:27.310064+00:00,2026-04-09T05:56:27.310064+00:00
95965a6d-5335-4acc-bb49-d7d69b254686,5f7e9d0f-e91b-4a78-92f9-37505fa5aa3d,Amaranth,leaf,early_summer,,2026-04-09T05:56:27.310064+00:00,2026-04-09T05:56:27.310064+00:00
c456b297-6a2b-4988-b49c-535c091b65d5,5f7e9d0f-e91b-4a78-92f9-37505fa5aa3d,Anise Hyssop,leaf,early_summer,,2026-04-09T05:56:27.310064+00:00,2026-04-09T05:56:27.310064+00:00
445e862d-2cd9-4231-aab5-acea5b619130,5f7e9d0f-e91b-4a78-92f9-37505fa5aa3d,"Basil - Greek, Opal, Italian, Tulsi, Thai",leaf,early_summer,,2026-04-09T05:56:27.310064+00:00,2026-04-09T05:56:27.310064+00:00
42ea087f-4f64-48b9-a294-7685e72ec380,5f7e9d0f-e91b-4a78-92f9-37505fa5aa3d,Bean Leaf/Tendril,leaf,early_summer,,2026-04-09T05:56:27.310064+00:00,2026-04-09T05:56:27.310064+00:00
2583f39c-e411-4171-a101-995c1e3fec95,5f7e9d0f-e91b-4a78-92f9-37505fa5aa3d,Butterfly Sorrel,leaf,early_summer,,2026-04-09T05:56:27.310064+00:00,2026-04-09T05:56:27.310064+00:00
a6b291d1-540d-4aff-8491-b755462254a7,5f7e9d0f-e91b-4a78-92f9-37505fa5aa3d,Chrysanthemum,leaf,early_summer,,2026-04-09T05:56:27.310064+00:00,2026-04-09T05:56:27.310064+00:00
c65cbd94-7287-43e7-9a3e-3bdee7eb87d0,5f7e9d0f-e91b-4a78-92f9-37505fa5aa3d,Cucumber Leaves/Tendrils,leaf,early_summer,,2026-04-09T05:56:27.310064+00:00,2026-04-09T05:56:27.310064+00:00
0d4620ab-075b-46ef-830e-cb53fb5bb18f,5f7e9d0f-e91b-4a78-92f9-37505fa5aa3d,Eucalyptus,leaf,early_summer,,2026-04-09T05:56:27.310064+00:00,2026-04-09T05:56:27.310064+00:00
8f9c904d-2db8-462a-a705-1b5b03bb45f4,5f7e9d0f-e91b-4a78-92f9-37505fa5aa3d,Fig Leaf,leaf,early_summer,,2026-04-09T05:56:27.310064+00:00,2026-04-09T05:56:27.310064+00:00
95b4e424-ac41-43db-b38a-31c1df21245b,5f7e9d0f-e91b-4a78-92f9-37505fa5aa3d,Gogonome - Eggplant,leaf,early_summer,,2026-04-09T05:56:27.310064+00:00,2026-04-09T05:56:27.310064+00:00
0dec2bcc-93a8-4481-ac13-a23fc3a7d100,5f7e9d0f-e91b-4a78-92f9-37505fa5aa3d,Gem Marigold,leaf,early_summer,,2026-04-09T05:56:27.310064+00:00,2026-04-09T05:56:27.310064+00:00
7caa530c-698b-47a3-b719-d435554c05f0,5f7e9d0f-e91b-4a78-92f9-37505fa5aa3d,Grape Leaves,leaf,early_summer,,2026-04-09T05:56:27.310064+00:00,2026-04-09T05:56:27.310064+00:00
cfcd5cde-a4f7-4419-b2a0-c31b8909cf0a,5f7e9d0f-e91b-4a78-92f9-37505fa5aa3d,Hibiscus (Mid June),leaf,early_summer,,2026-04-09T05:56:27.310064+00:00,2026-04-09T05:56:27.310064+00:00
61807df2-a2d4-4496-8dcf-7a95daa48ad3,5f7e9d0f-e91b-4a78-92f9-37505fa5aa3d,Iceberg Lettuce,leaf,early_summer,,2026-04-09T05:56:27.310064+00:00,2026-04-09T05:56:27.310064+00:00
18e4ec83-64ac-4258-a909-dc1c9cfbe465,5f7e9d0f-e91b-4a78-92f9-37505fa5aa3d,Iceplant Capers,leaf,early_summer,,2026-04-09T05:56:27.310064+00:00,2026-04-09T05:56:27.310064+00:00
00b0ae1e-596e-4591-916c-6ae5c83436dd,5f7e9d0f-e91b-4a78-92f9-37505fa5aa3d,Lemon Balm (outgoing),leaf,early_summer,,2026-04-09T05:56:27.310064+00:00,2026-04-09T05:56:27.310064+00:00
94e1c14a-748f-42ea-9baa-f766051c49a3,5f7e9d0f-e91b-4a78-92f9-37505fa5aa3d,Lemon Verbena,leaf,early_summer,,2026-04-09T05:56:27.310064+00:00,2026-04-09T05:56:27.310064+00:00
b1de0096-0be8-47f6-ac6b-5f973f7e1636,5f7e9d0f-e91b-4a78-92f9-37505fa5aa3d,Lettuce (outgoing),leaf,early_summer,,2026-04-09T05:56:27.310064+00:00,2026-04-09T05:56:27.310064+00:00
27758ce7-29a5-45fc-8882-4d23d79fb128,5f7e9d0f-e91b-4a78-92f9-37505fa5aa3d,Malabar Spinach,leaf,early_summer,,2026-04-09T05:56:27.506747+00:00,2026-04-09T05:56:27.506747+00:00
a33f042d-dbe5-4d60-9ff0-a13c0b757cd3,5f7e9d0f-e91b-4a78-92f9-37505fa5aa3d,Ornamental Kale Leaf/Raab,leaf,early_summer,,2026-04-09T05:56:27.506747+00:00,2026-04-09T05:56:27.506747+00:00
5aedf968-6113-465d-9ed5-e5ffe3c08696,5f7e9d0f-e91b-4a78-92f9-37505fa5aa3d,Peach Leaf,leaf,early_summer,,2026-04-09T05:56:27.506747+00:00,2026-04-09T05:56:27.506747+00:00
3602af75-94ac-4812-874b-969ea57b93be,5f7e9d0f-e91b-4a78-92f9-37505fa5aa3d,Peppercorn,leaf,early_summer,,2026-04-09T05:56:27.506747+00:00,2026-04-09T05:56:27.506747+00:00
cf5a9c27-03d6-4132-bdbd-1845127e28f0,5f7e9d0f-e91b-4a78-92f9-37505fa5aa3d,Purslane,leaf,early_summer,,2026-04-09T05:56:27.506747+00:00,2026-04-09T05:56:27.506747+00:00
cbfde0a2-56d0-4dad-9975-e77c6a06e1b4,5f7e9d0f-e91b-4a78-92f9-37505fa5aa3d,Rhubarb,leaf,early_summer,,2026-04-09T05:56:27.506747+00:00,2026-04-09T05:56:27.506747+00:00
5a0c6c24-6c97-4af7-b75b-87b639aa2553,5f7e9d0f-e91b-4a78-92f9-37505fa5aa3d,"Shiso: Bulk, Tips, Wrapping",leaf,early_summer,,2026-04-09T05:56:27.506747+00:00,2026-04-09T05:56:27.506747+00:00
83b01a4c-ba28-4a3d-9361-2b37a5055458,5f7e9d0f-e91b-4a78-92f9-37505fa5aa3d,Squash Leaf/Tendril,leaf,early_summer,,2026-04-09T05:56:27.506747+00:00,2026-04-09T05:56:27.506747+00:00
f6ddff93-48c2-4927-b089-45a64aa0abed,5f7e9d0f-e91b-4a78-92f9-37505fa5aa3d,Succulents,leaf,early_summer,,2026-04-09T05:56:27.506747+00:00,2026-04-09T05:56:27.506747+00:00
492e8ffd-95db-4a85-bf75-ed0243bd68ee,5f7e9d0f-e91b-4a78-92f9-37505fa5aa3d,Swiss Chard,leaf,early_summer,,2026-04-09T05:56:27.506747+00:00,2026-04-09T05:56:27.506747+00:00
9e7b7755-794b-404e-a81a-3fa8530cd608,5f7e9d0f-e91b-4a78-92f9-37505fa5aa3d,Tomato Leaf,leaf,early_summer,,2026-04-09T05:56:27.506747+00:00,2026-04-09T05:56:27.506747+00:00
7486928d-47d8-4443-be06-ab30f0288677,5f7e9d0f-e91b-4a78-92f9-37505fa5aa3d,Hakurei,roots,early_summer,,2026-04-09T05:56:27.506747+00:00,2026-04-09T05:56:27.506747+00:00
e0ce4274-568e-4c39-a78a-3143d0855302,5f7e9d0f-e91b-4a78-92f9-37505fa5aa3d,Hinona Kabu,roots,early_summer,,2026-04-09T05:56:27.506747+00:00,2026-04-09T05:56:27.506747+00:00
37af420a-4d2f-4ae7-9eed-f709bb61a357,5f7e9d0f-e91b-4a78-92f9-37505fa5aa3d,Radishes,roots,early_summer,,2026-04-09T05:56:27.506747+00:00,2026-04-09T05:56:27.506747+00:00
e2d0b514-0192-4f8c-9618-c250e694396f,5f7e9d0f-e91b-4a78-92f9-37505fa5aa3d,"Spring Onions, Shallot, Cippolini, Pearl",roots,early_summer,,2026-04-09T05:56:27.506747+00:00,2026-04-09T05:56:27.506747+00:00
c59369fe-92dc-4ab0-ac83-7a9ff20f4b1d,5f7e9d0f-e91b-4a78-92f9-37505fa5aa3d,"Beans - Romano, Haricot Vert, Long",fruit,early_summer,,2026-04-09T05:56:27.506747+00:00,2026-04-09T05:56:27.506747+00:00
4b874a16-9913-4b4c-b8c0-e1f0d531cfe8,5f7e9d0f-e91b-4a78-92f9-37505fa5aa3d,Beans Tiny,fruit,early_summer,,2026-04-09T05:56:27.506747+00:00,2026-04-09T05:56:27.506747+00:00
5e167634-54c2-4099-864e-64890d4ddb2f,5f7e9d0f-e91b-4a78-92f9-37505fa5aa3d,Cucumber Tiny with Blossom,fruit,early_summer,,2026-04-09T05:56:27.506747+00:00,2026-04-09T05:56:27.506747+00:00
374a6a15-1756-49cf-8d36-53c76e26b502,5f7e9d0f-e91b-4a78-92f9-37505fa5aa3d,Fava Beans - Full Size (last harvest),fruit,early_summer,,2026-04-09T05:56:27.506747+00:00,2026-04-09T05:56:27.506747+00:00
c7c5fc79-bab2-495d-ad75-022942a5c510,5f7e9d0f-e91b-4a78-92f9-37505fa5aa3d,Golden Raspberries (incoming),fruit,early_summer,,2026-04-09T05:56:27.506747+00:00,2026-04-09T05:56:27.506747+00:00
dc498953-2cbe-49ef-9740-ead706f72c34,5f7e9d0f-e91b-4a78-92f9-37505fa5aa3d,Green Figs,fruit,early_summer,,2026-04-09T05:56:27.506747+00:00,2026-04-09T05:56:27.506747+00:00
9d0df9b4-1c8f-4d9c-98e1-f160386f292f,5f7e9d0f-e91b-4a78-92f9-37505fa5aa3d,Green Raspberries,fruit,early_summer,,2026-04-09T05:56:27.506747+00:00,2026-04-09T05:56:27.506747+00:00
db21e122-5268-4f4d-ba83-71351177ac84,5f7e9d0f-e91b-4a78-92f9-37505fa5aa3d,"Green Seeds: Coriander, Dill, Anise, Caraway",fruit,early_summer,,2026-04-09T05:56:27.506747+00:00,2026-04-09T05:56:27.506747+00:00
c2d612c0-794f-4488-8762-9cdee54f397e,5f7e9d0f-e91b-4a78-92f9-37505fa5aa3d,Ground Cherries,fruit,early_summer,,2026-04-09T05:56:27.506747+00:00,2026-04-09T05:56:27.506747+00:00
12392b80-b9ec-4cc9-a5f5-32e2d72b67f6,5f7e9d0f-e91b-4a78-92f9-37505fa5aa3d,Mulberries,fruit,early_summer,,2026-04-09T05:56:27.506747+00:00,2026-04-09T05:56:27.506747+00:00
0b5e1d2e-375c-4d13-9d60-aebf2e832bb1,5f7e9d0f-e91b-4a78-92f9-37505fa5aa3d,Nasturtium Capers,fruit,early_summer,,2026-04-09T05:56:27.506747+00:00,2026-04-09T05:56:27.506747+00:00
41791a18-69d7-4c46-b3fd-c7217a86558b,5f7e9d0f-e91b-4a78-92f9-37505fa5aa3d,Radish Pods,fruit,early_summer,,2026-04-09T05:56:27.506747+00:00,2026-04-09T05:56:27.506747+00:00
176c7427-8598-49d2-aacc-6dc61b0a6563,5f7e9d0f-e91b-4a78-92f9-37505fa5aa3d,Squash Tiny,fruit,early_summer,,2026-04-09T05:56:27.506747+00:00,2026-04-09T05:56:27.506747+00:00
5ecc21c0-1e26-48e4-a7fa-602b8c4fd5fd,5f7e9d0f-e91b-4a78-92f9-37505fa5aa3d,"Strawberries, Green/Ripe",fruit,early_summer,,2026-04-09T05:56:27.506747+00:00,2026-04-09T05:56:27.506747+00:00
b5921de6-5554-4d94-a2d1-6ba6d4e4a742,5f7e9d0f-e91b-4a78-92f9-37505fa5aa3d,Summer Sq.,fruit,early_summer,,2026-04-09T05:56:27.506747+00:00,2026-04-09T05:56:27.506747+00:00
04181a9a-0cf4-42cc-b72c-ac7da2875aed,5f7e9d0f-e91b-4a78-92f9-37505fa5aa3d,Tomatillos (incoming),fruit,early_summer,,2026-04-09T05:56:27.506747+00:00,2026-04-09T05:56:27.506747+00:00
5755e0a7-2752-4f8e-91a3-065ef8beed6c,5f7e9d0f-e91b-4a78-92f9-37505fa5aa3d,Tomatoes - Green,fruit,early_summer,,2026-04-09T05:56:27.506747+00:00,2026-04-09T05:56:27.506747+00:00
366e2dbd-aec1-4978-9340-d54096ee9243,5f7e9d0f-e91b-4a78-92f9-37505fa5aa3d,Fennel - Leaf/Flower,wilds,early_summer,,2026-04-09T05:56:27.506747+00:00,2026-04-09T05:56:27.506747+00:00
303dad60-d267-476e-993f-266827932112,5f7e9d0f-e91b-4a78-92f9-37505fa5aa3d,Peppercorn Leaf,wilds,early_summer,,2026-04-09T05:56:27.506747+00:00,2026-04-09T05:56:27.506747+00:00
156a88f0-e5d0-4fbb-90b5-eb1ceb047262,5f7e9d0f-e91b-4a78-92f9-37505fa5aa3d,Elderflower,wilds,early_summer,,2026-04-09T05:56:27.506747+00:00,2026-04-09T05:56:27.506747+00:00
158aaf5d-9e91-4208-aebb-17bf891dc0ac,5f7e9d0f-e91b-4a78-92f9-37505fa5aa3d,Cherry Plums,wilds,early_summer,,2026-04-09T05:56:27.506747+00:00,2026-04-09T05:56:27.506747+00:00
54bfb3a0-dcc9-4750-a4f8-95a26d68a7f7,5f7e9d0f-e91b-4a78-92f9-37505fa5aa3d,Rose Hips,wilds,early_summer,,2026-04-09T05:56:27.506747+00:00,2026-04-09T05:56:27.506747+00:00
e5001055-81d9-4f9b-bc21-df3709f98867,5f7e9d0f-e91b-4a78-92f9-37505fa5aa3d,"Spicebush - Flowers, Buds, Wrapping Leaves",wilds,early_summer,,2026-04-09T05:56:27.506747+00:00,2026-04-09T05:56:27.506747+00:00
4a49c699-d740-4745-aa6d-a1b120afef00,5f7e9d0f-e91b-4a78-92f9-37505fa5aa3d,Preservation,wilds,early_summer,,2026-04-09T05:56:27.506747+00:00,2026-04-09T05:56:27.506747+00:00
0e45111c-f2ed-4b91-9210-7f547028b0cb,5f7e9d0f-e91b-4a78-92f9-37505fa5aa3d,Chrysanthemum for tea,wilds,early_summer,,2026-04-09T05:56:27.506747+00:00,2026-04-09T05:56:27.506747+00:00
d99839d1-ec44-47d5-a735-7617a78059de,5f7e9d0f-e91b-4a78-92f9-37505fa5aa3d,Angelica,wilds,early_summer,,2026-04-09T05:56:27.506747+00:00,2026-04-09T05:56:27.506747+00:00
78ef934b-c655-4add-989a-0bea8395a5c7,5f7e9d0f-e91b-4a78-92f9-37505fa5aa3d,Lovage,wilds,early_summer,,2026-04-09T05:56:27.506747+00:00,2026-04-09T05:56:27.506747+00:00
542037c2-0445-4bca-8694-a94cf15610a5,5f7e9d0f-e91b-4a78-92f9-37505fa5aa3d,Green Tomatoes,wilds,early_summer,,2026-04-09T05:56:27.506747+00:00,2026-04-09T05:56:27.506747+00:00
5f88d059-5584-4a26-acb1-8085a048de58,5f7e9d0f-e91b-4a78-92f9-37505fa5aa3d,Green Strawberries,wilds,early_summer,,2026-04-09T05:56:27.506747+00:00,2026-04-09T05:56:27.506747+00:00
c06dd78a-e5de-458b-87c4-d18c862a5719,5f7e9d0f-e91b-4a78-92f9-37505fa5aa3d,Nasturtium Capers,wilds,early_summer,,2026-04-09T05:56:27.506747+00:00,2026-04-09T05:56:27.506747+00:00
8cd94276-bcf1-404d-89e1-e4126e55dd9d,5f7e9d0f-e91b-4a78-92f9-37505fa5aa3d,Radish Pods,wilds,early_summer,,2026-04-09T05:56:27.506747+00:00,2026-04-09T05:56:27.506747+00:00
ba10b7df-01a3-47dc-9d5a-0601002e27a7,5f7e9d0f-e91b-4a78-92f9-37505fa5aa3d,Green Seeds,wilds,early_summer,,2026-04-09T05:56:27.506747+00:00,2026-04-09T05:56:27.506747+00:00
c0450085-4d45-477c-b231-b9125cd04302,5f7e9d0f-e91b-4a78-92f9-37505fa5aa3d,Feijoa Flowers,wilds,early_summer,,2026-04-09T05:56:27.506747+00:00,2026-04-09T05:56:27.506747+00:00
e392722c-5f7e-4570-b1d2-a58a9f390261,5f7e9d0f-e91b-4a78-92f9-37505fa5aa3d,Spice Bush Leaf/Flowers,wilds,early_summer,,2026-04-09T05:56:27.506747+00:00,2026-04-09T05:56:27.506747+00:00
17c6eb93-8e07-42f9-a6ee-dfe93c63a409,5f7e9d0f-e91b-4a78-92f9-37505fa5aa3d,Roses,wilds,early_summer,,2026-04-09T05:56:27.506747+00:00,2026-04-09T05:56:27.506747+00:00
863deedc-7999-4aba-b31d-28589eb7f7b1,5f7e9d0f-e91b-4a78-92f9-37505fa5aa3d,Nasturtium Flowers,wilds,early_summer,,2026-04-09T05:56:27.506747+00:00,2026-04-09T05:56:27.506747+00:00
c2504ec8-8bf8-402e-91f9-e3f678ea69c1,5f7e9d0f-e91b-4a78-92f9-37505fa5aa3d,Amaranth,micro,summer,,2026-04-09T05:56:27.506747+00:00,2026-04-09T05:56:27.506747+00:00
035aa7f4-d712-47a2-afa0-9c4978fb26e1,5f7e9d0f-e91b-4a78-92f9-37505fa5aa3d,Basil,micro,summer,,2026-04-09T05:56:27.506747+00:00,2026-04-09T05:56:27.506747+00:00
d2df8cc7-7eed-4cc6-af83-a168761ebfb7,5f7e9d0f-e91b-4a78-92f9-37505fa5aa3d,Cover Crop,micro,summer,,2026-04-09T05:56:27.506747+00:00,2026-04-09T05:56:27.506747+00:00
0b8b5aa8-1a81-47c9-8aae-16fd4013f366,5f7e9d0f-e91b-4a78-92f9-37505fa5aa3d,Gem Marigold,micro,summer,,2026-04-09T05:56:27.506747+00:00,2026-04-09T05:56:27.506747+00:00
b081a053-7217-4849-bd45-4b6933a91b74,5f7e9d0f-e91b-4a78-92f9-37505fa5aa3d,Lambs Quarter,micro,summer,,2026-04-09T05:56:27.506747+00:00,2026-04-09T05:56:27.506747+00:00
4b141160-622e-4e58-b179-5210374a1a5e,5f7e9d0f-e91b-4a78-92f9-37505fa5aa3d,Nasturtium,micro,summer,,2026-04-09T05:56:27.506747+00:00,2026-04-09T05:56:27.506747+00:00
336164a3-b678-455a-aacb-da6d89d7cfd0,5f7e9d0f-e91b-4a78-92f9-37505fa5aa3d,Purslane,micro,summer,,2026-04-09T05:56:27.506747+00:00,2026-04-09T05:56:27.506747+00:00
6cb94a6c-f733-4202-a16e-437c233f0d8c,5f7e9d0f-e91b-4a78-92f9-37505fa5aa3d,Sun-Kissed Herbs,micro,summer,,2026-04-09T05:56:27.506747+00:00,2026-04-09T05:56:27.506747+00:00
f85cef4e-4759-451e-a6b6-8150b92478e6,5f7e9d0f-e91b-4a78-92f9-37505fa5aa3d,Sunflower,micro,summer,,2026-04-09T05:56:27.506747+00:00,2026-04-09T05:56:27.506747+00:00
7bd60e00-8591-4f8a-9d0c-41897ae855bf,5f7e9d0f-e91b-4a78-92f9-37505fa5aa3d,Malabar,micro,summer,,2026-04-09T05:56:27.506747+00:00,2026-04-09T05:56:27.506747+00:00
bd29098e-4e41-4d09-b061-48bdad7af788,5f7e9d0f-e91b-4a78-92f9-37505fa5aa3d,Cilantro,flowers,summer,,2026-04-09T05:56:27.506747+00:00,2026-04-09T05:56:27.506747+00:00
2774bb6a-291f-44a4-bb49-ad807248f7e7,5f7e9d0f-e91b-4a78-92f9-37505fa5aa3d,Lemon Verbena,flowers,summer,,2026-04-09T05:56:27.506747+00:00,2026-04-09T05:56:27.506747+00:00
d658d04e-9de9-47e8-a92e-525930596ad0,5f7e9d0f-e91b-4a78-92f9-37505fa5aa3d,Marigolds,flowers,summer,,2026-04-09T05:56:27.506747+00:00,2026-04-09T05:56:27.506747+00:00
0d89d1a3-63bd-4f24-8d9c-a6d128a12946,5f7e9d0f-e91b-4a78-92f9-37505fa5aa3d,Daylilies,flowers,summer,,2026-04-09T05:56:27.506747+00:00,2026-04-09T05:56:27.506747+00:00
8c438154-7471-4644-8d65-45e0f8cd8398,5f7e9d0f-e91b-4a78-92f9-37505fa5aa3d,Squash Blossoms,flowers,summer,,2026-04-09T05:56:27.506747+00:00,2026-04-09T05:56:27.506747+00:00
f9d9666b-0e29-42f1-a487-d03fff70d261,5f7e9d0f-e91b-4a78-92f9-37505fa5aa3d,Bean,flowers,summer,,2026-04-09T05:56:27.506747+00:00,2026-04-09T05:56:27.506747+00:00
e13a3cc3-f120-48f8-8f8f-06ecfa628f0a,5f7e9d0f-e91b-4a78-92f9-37505fa5aa3d,Cucumber,flowers,summer,,2026-04-09T05:56:27.506747+00:00,2026-04-09T05:56:27.506747+00:00
4772f2dc-109e-4043-a7cf-3609c9df4454,5f7e9d0f-e91b-4a78-92f9-37505fa5aa3d,"Sunflower, Buds & Flowers",flowers,summer,,2026-04-09T05:56:27.506747+00:00,2026-04-09T05:56:27.506747+00:00
9e74f22e-f025-4f2a-93ce-5a9ec1106427,5f7e9d0f-e91b-4a78-92f9-37505fa5aa3d,Garlic Chive,flowers,summer,,2026-04-09T05:56:27.506747+00:00,2026-04-09T05:56:27.506747+00:00
d083e494-1e9c-4f70-bbdf-c75480e85926,5f7e9d0f-e91b-4a78-92f9-37505fa5aa3d,Okra,flowers,summer,,2026-04-09T05:56:27.506747+00:00,2026-04-09T05:56:27.506747+00:00
35ab241c-bdfb-4021-a054-40d07b5d5f8c,5f7e9d0f-e91b-4a78-92f9-37505fa5aa3d,Amaranth,leaf,summer,,2026-04-09T05:56:27.506747+00:00,2026-04-09T05:56:27.506747+00:00
b5720295-6e4b-4b15-8ecd-ceeabb77da9d,5f7e9d0f-e91b-4a78-92f9-37505fa5aa3d,Basil,leaf,summer,,2026-04-09T05:56:27.506747+00:00,2026-04-09T05:56:27.506747+00:00
7ed3a8be-650f-433c-bc9c-a8bf2910aec2,5f7e9d0f-e91b-4a78-92f9-37505fa5aa3d,Chrysanthemum,leaf,summer,,2026-04-09T05:56:27.506747+00:00,2026-04-09T05:56:27.506747+00:00
4cbabab2-f852-4f31-817d-722a99a9966a,5f7e9d0f-e91b-4a78-92f9-37505fa5aa3d,Cucumber Leaf/Tendril,leaf,summer,,2026-04-09T05:56:27.506747+00:00,2026-04-09T05:56:27.506747+00:00
1b91681d-5066-4643-b15b-6bde0169f93f,5f7e9d0f-e91b-4a78-92f9-37505fa5aa3d,Eucalyptus,leaf,summer,,2026-04-09T05:56:27.506747+00:00,2026-04-09T05:56:27.506747+00:00
f41408ce-5954-4c0e-82f5-95c921708a09,5f7e9d0f-e91b-4a78-92f9-37505fa5aa3d,Fig Leaf,leaf,summer,,2026-04-09T05:56:27.506747+00:00,2026-04-09T05:56:27.506747+00:00
7e72619a-36ad-4ac1-878c-2a1a81bf4575,5f7e9d0f-e91b-4a78-92f9-37505fa5aa3d,Gem Marigold,leaf,summer,,2026-04-09T05:56:27.506747+00:00,2026-04-09T05:56:27.506747+00:00
b112ccc7-424e-4ac9-ac3c-fabc6c427352,5f7e9d0f-e91b-4a78-92f9-37505fa5aa3d,Hibiscus,leaf,summer,,2026-04-09T05:56:27.506747+00:00,2026-04-09T05:56:27.506747+00:00
ec0546dc-896b-40a4-b6a3-2e76f575e67e,5f7e9d0f-e91b-4a78-92f9-37505fa5aa3d,Lemon Verbena,leaf,summer,,2026-04-09T05:56:27.506747+00:00,2026-04-09T05:56:27.506747+00:00
6a0846f3-d758-4070-86cc-b7b0fed91636,5f7e9d0f-e91b-4a78-92f9-37505fa5aa3d,Malabar,leaf,summer,,2026-04-09T05:56:27.506747+00:00,2026-04-09T05:56:27.506747+00:00
c2469369-81f5-4c57-841c-96d7c27bdd95,5f7e9d0f-e91b-4a78-92f9-37505fa5aa3d,Peach Leaf,leaf,summer,,2026-04-09T05:56:27.506747+00:00,2026-04-09T05:56:27.506747+00:00
7772fac5-c0a6-47a6-a132-64f7f4a7fa3f,5f7e9d0f-e91b-4a78-92f9-37505fa5aa3d,Purslane,leaf,summer,,2026-04-09T05:56:27.506747+00:00,2026-04-09T05:56:27.506747+00:00
e1f6e87f-1211-4315-9f96-63b40de5818b,5f7e9d0f-e91b-4a78-92f9-37505fa5aa3d,Rhubarb (juicing),leaf,summer,,2026-04-09T05:56:27.506747+00:00,2026-04-09T05:56:27.506747+00:00
35b536e0-720d-4ba0-90af-ee9ac28889f7,5f7e9d0f-e91b-4a78-92f9-37505fa5aa3d,Shiso,leaf,summer,,2026-04-09T05:56:27.506747+00:00,2026-04-09T05:56:27.506747+00:00
62763d1b-e220-4759-995c-21d8ee03aedc,5f7e9d0f-e91b-4a78-92f9-37505fa5aa3d,Succulents,leaf,summer,,2026-04-09T05:56:27.506747+00:00,2026-04-09T05:56:27.506747+00:00
0876a53d-1a02-4819-93a8-a99df22accdd,5f7e9d0f-e91b-4a78-92f9-37505fa5aa3d,Sweet Potato Leaf,leaf,summer,,2026-04-09T05:56:27.506747+00:00,2026-04-09T05:56:27.506747+00:00
9e9b33ad-e1aa-4ee8-8609-332a05380204,5f7e9d0f-e91b-4a78-92f9-37505fa5aa3d,Swiss Chard,leaf,summer,,2026-04-09T05:56:27.506747+00:00,2026-04-09T05:56:27.506747+00:00
be4eb74b-3196-4dfd-8123-c1307fbc2084,5f7e9d0f-e91b-4a78-92f9-37505fa5aa3d,Carrots,roots,summer,,2026-04-09T05:56:27.506747+00:00,2026-04-09T05:56:27.506747+00:00
6b4f5051-6449-4cfb-8ac5-6267a8cb167e,5f7e9d0f-e91b-4a78-92f9-37505fa5aa3d,Hakurei Turnip,roots,summer,,2026-04-09T05:56:27.506747+00:00,2026-04-09T05:56:27.506747+00:00
de75ec91-863f-492a-8e7e-74ee548d5e98,5f7e9d0f-e91b-4a78-92f9-37505fa5aa3d,Radish,roots,summer,,2026-04-09T05:56:27.506747+00:00,2026-04-09T05:56:27.506747+00:00
09e9e727-e4da-4bbf-ae08-53c08e0c6960,5f7e9d0f-e91b-4a78-92f9-37505fa5aa3d,Beans,fruit,summer,,2026-04-09T05:56:27.506747+00:00,2026-04-09T05:56:27.506747+00:00
15eda496-30b3-4690-8bcb-a3756362227d,5f7e9d0f-e91b-4a78-92f9-37505fa5aa3d,Cherry Tomatoes,fruit,summer,,2026-04-09T05:56:27.506747+00:00,2026-04-09T05:56:27.506747+00:00
b966fa05-d695-489d-a371-f0f468c50199,5f7e9d0f-e91b-4a78-92f9-37505fa5aa3d,Cucumbers,fruit,summer,,2026-04-09T05:56:27.506747+00:00,2026-04-09T05:56:27.506747+00:00
459ce2b7-315f-4245-b526-317dffb6ee76,5f7e9d0f-e91b-4a78-92f9-37505fa5aa3d,Eggplant,fruit,summer,,2026-04-09T05:56:27.506747+00:00,2026-04-09T05:56:27.506747+00:00
59b9df6a-9a61-4fef-8fc1-1a4f52399ff4,5f7e9d0f-e91b-4a78-92f9-37505fa5aa3d,Green Coriander,fruit,summer,,2026-04-09T05:56:27.506747+00:00,2026-04-09T05:56:27.506747+00:00
10c5620d-ea30-4774-9a24-88a132e312a6,5f7e9d0f-e91b-4a78-92f9-37505fa5aa3d,Green Figs,fruit,summer,,2026-04-09T05:56:27.506747+00:00,2026-04-09T05:56:27.506747+00:00
272165d5-9156-4ee7-b2f7-41ec1a05c167,5f7e9d0f-e91b-4a78-92f9-37505fa5aa3d,Ground Cherries,fruit,summer,,2026-04-09T05:56:27.506747+00:00,2026-04-09T05:56:27.506747+00:00
be7538b8-faba-4956-b6ab-160f06e391d1,5f7e9d0f-e91b-4a78-92f9-37505fa5aa3d,Mulberries,fruit,summer,,2026-04-09T05:56:27.506747+00:00,2026-04-09T05:56:27.506747+00:00
3f9cf3f2-2517-4899-aedc-6bc4b401f88a,5f7e9d0f-e91b-4a78-92f9-37505fa5aa3d,Peppers - Nardello,fruit,summer,,2026-04-09T05:56:27.506747+00:00,2026-04-09T05:56:27.506747+00:00
3e3afc99-b327-4c20-a090-b654abf8196d,5f7e9d0f-e91b-4a78-92f9-37505fa5aa3d,Radish Pods,fruit,summer,,2026-04-09T05:56:27.589866+00:00,2026-04-09T05:56:27.589866+00:00
679dfe09-894a-49b6-9a39-8c7e0f4a7888,5f7e9d0f-e91b-4a78-92f9-37505fa5aa3d,Raspberries - Gold,fruit,summer,,2026-04-09T05:56:27.589866+00:00,2026-04-09T05:56:27.589866+00:00
1b2bd5b6-65af-4150-90c3-ba96917b50dd,5f7e9d0f-e91b-4a78-92f9-37505fa5aa3d,Strawberries,fruit,summer,,2026-04-09T05:56:27.589866+00:00,2026-04-09T05:56:27.589866+00:00
beaee196-2ad2-404b-84c0-488705b0471c,5f7e9d0f-e91b-4a78-92f9-37505fa5aa3d,Summer Squash,fruit,summer,,2026-04-09T05:56:27.589866+00:00,2026-04-09T05:56:27.589866+00:00
3fd432b5-6c85-46ba-87c8-f1dfc651dbff,5f7e9d0f-e91b-4a78-92f9-37505fa5aa3d,Tomatillos,fruit,summer,,2026-04-09T05:56:27.589866+00:00,2026-04-09T05:56:27.589866+00:00
7bf50143-36ed-415b-84ac-ba686fb4d920,5f7e9d0f-e91b-4a78-92f9-37505fa5aa3d,Tomatoes - Heirloom,fruit,summer,,2026-04-09T05:56:27.589866+00:00,2026-04-09T05:56:27.589866+00:00
708d76e9-ff6c-4c2f-850d-d1caeacfe8e0,5f7e9d0f-e91b-4a78-92f9-37505fa5aa3d,Peppercorn,wilds,summer,,2026-04-09T05:56:27.589866+00:00,2026-04-09T05:56:27.589866+00:00
98726469-e191-4418-9db4-e9c23a70c4ae,5f7e9d0f-e91b-4a78-92f9-37505fa5aa3d,Spicebush leaf,wilds,summer,,2026-04-09T05:56:27.589866+00:00,2026-04-09T05:56:27.589866+00:00
f4bc9c8b-e1ac-4bde-aa3a-fedfd68eea31,5f7e9d0f-e91b-4a78-92f9-37505fa5aa3d,Cherry Plums,wilds,summer,,2026-04-09T05:56:27.589866+00:00,2026-04-09T05:56:27.589866+00:00
9e046c1b-b408-458c-a3f1-30e086ba9775,5f7e9d0f-e91b-4a78-92f9-37505fa5aa3d,Gem Marigold,micro,late_summer,,2026-04-09T05:56:27.589866+00:00,2026-04-09T05:56:27.589866+00:00
c14ff939-c69a-4695-8043-e1bdec8ca26d,5f7e9d0f-e91b-4a78-92f9-37505fa5aa3d,Sunflower (on and off),micro,late_summer,,2026-04-09T05:56:27.589866+00:00,2026-04-09T05:56:27.589866+00:00
2a42b03c-898b-4659-92bb-ee87a6042bac,5f7e9d0f-e91b-4a78-92f9-37505fa5aa3d,Purslane,micro,late_summer,,2026-04-09T05:56:27.589866+00:00,2026-04-09T05:56:27.589866+00:00
aebf034b-07c3-4672-9dd0-b5a0225d6f82,5f7e9d0f-e91b-4a78-92f9-37505fa5aa3d,Malabar,micro,late_summer,,2026-04-09T05:56:27.589866+00:00,2026-04-09T05:56:27.589866+00:00
897b61b2-8e21-40ae-be2f-8e9ab1f6ec1b,5f7e9d0f-e91b-4a78-92f9-37505fa5aa3d,Shiso,micro,late_summer,,2026-04-09T05:56:27.589866+00:00,2026-04-09T05:56:27.589866+00:00
351a93b1-3712-48c8-b281-37c1983b3d06,5f7e9d0f-e91b-4a78-92f9-37505fa5aa3d,Nasturtium,micro,late_summer,,2026-04-09T05:56:27.589866+00:00,2026-04-09T05:56:27.589866+00:00
0e6ae120-c7b6-4607-82f4-e8ce84fdf35e,5f7e9d0f-e91b-4a78-92f9-37505fa5aa3d,Basil,flowers,late_summer,,2026-04-09T05:56:27.589866+00:00,2026-04-09T05:56:27.589866+00:00
29930a40-5dbb-498c-8f23-417cac545898,5f7e9d0f-e91b-4a78-92f9-37505fa5aa3d,Bean,flowers,late_summer,,2026-04-09T05:56:27.589866+00:00,2026-04-09T05:56:27.589866+00:00
7f2f46e4-f856-4551-bb4e-f0f78a32539c,5f7e9d0f-e91b-4a78-92f9-37505fa5aa3d,"Chive, Garlic",flowers,late_summer,,2026-04-09T05:56:27.589866+00:00,2026-04-09T05:56:27.589866+00:00
4d7fdc50-43f8-4379-a514-985482f34272,5f7e9d0f-e91b-4a78-92f9-37505fa5aa3d,Cucumber,flowers,late_summer,,2026-04-09T05:56:27.589866+00:00,2026-04-09T05:56:27.589866+00:00
ea983ccc-a52b-4796-847d-7465c4259ff9,5f7e9d0f-e91b-4a78-92f9-37505fa5aa3d,Daylilies (outgoing),flowers,late_summer,,2026-04-09T05:56:27.589866+00:00,2026-04-09T05:56:27.589866+00:00
cf9d690a-e7ee-4e3c-8c7c-2dd027fc67bc,5f7e9d0f-e91b-4a78-92f9-37505fa5aa3d,Lemon Verbena,flowers,late_summer,,2026-04-09T05:56:27.589866+00:00,2026-04-09T05:56:27.589866+00:00
2755e8d1-0ddd-4a80-bcbd-2181eb8e99d3,5f7e9d0f-e91b-4a78-92f9-37505fa5aa3d,Marigolds,flowers,late_summer,,2026-04-09T05:56:27.589866+00:00,2026-04-09T05:56:27.589866+00:00
cd2cf98e-6da1-41e6-b639-a8be60a1e2d3,5f7e9d0f-e91b-4a78-92f9-37505fa5aa3d,Squash Blossoms (outgoing),flowers,late_summer,,2026-04-09T05:56:27.589866+00:00,2026-04-09T05:56:27.589866+00:00
294042e9-6d49-4092-b14e-fcac03109074,5f7e9d0f-e91b-4a78-92f9-37505fa5aa3d,Fig Leaf,leaf,late_summer,,2026-04-09T05:56:27.589866+00:00,2026-04-09T05:56:27.589866+00:00
e2439b86-d3c3-4165-a5b2-ad82b93247bb,5f7e9d0f-e91b-4a78-92f9-37505fa5aa3d,Succulents,leaf,late_summer,,2026-04-09T05:56:27.589866+00:00,2026-04-09T05:56:27.589866+00:00
0655f7e0-fcca-4171-a5a6-e2ec161d7e49,5f7e9d0f-e91b-4a78-92f9-37505fa5aa3d,Purslane,leaf,late_summer,,2026-04-09T05:56:27.589866+00:00,2026-04-09T05:56:27.589866+00:00
3457816d-f984-4348-b903-eef7ea931c0e,5f7e9d0f-e91b-4a78-92f9-37505fa5aa3d,Peppercorn,leaf,late_summer,,2026-04-09T05:56:27.589866+00:00,2026-04-09T05:56:27.589866+00:00
9cbb730f-a3e0-4522-8fae-5b7a1f4eebfd,5f7e9d0f-e91b-4a78-92f9-37505fa5aa3d,Hibiscus,leaf,late_summer,,2026-04-09T05:56:27.589866+00:00,2026-04-09T05:56:27.589866+00:00
30c3de7c-9378-406b-95b1-409c3ae902ed,5f7e9d0f-e91b-4a78-92f9-37505fa5aa3d,Shiso,leaf,late_summer,,2026-04-09T05:56:27.589866+00:00,2026-04-09T05:56:27.589866+00:00
f3903723-cb3c-419f-b5e9-b49026af5936,5f7e9d0f-e91b-4a78-92f9-37505fa5aa3d,Malabar,leaf,late_summer,,2026-04-09T05:56:27.589866+00:00,2026-04-09T05:56:27.589866+00:00
58544ff1-0695-4b57-8920-8c4c0a5313dc,5f7e9d0f-e91b-4a78-92f9-37505fa5aa3d,Spicy Greens,leaf,late_summer,,2026-04-09T05:56:27.589866+00:00,2026-04-09T05:56:27.589866+00:00
cf7268c2-c106-4a2d-b546-016b74521442,5f7e9d0f-e91b-4a78-92f9-37505fa5aa3d,Large Brassica,leaf,late_summer,,2026-04-09T05:56:27.589866+00:00,2026-04-09T05:56:27.589866+00:00
83a115a9-d958-44bd-9eaf-dd5c1b091b68,5f7e9d0f-e91b-4a78-92f9-37505fa5aa3d,Swiss Chard,leaf,late_summer,,2026-04-09T05:56:27.589866+00:00,2026-04-09T05:56:27.589866+00:00
e1f230c0-8242-4628-90ff-5ddc3d55e8e3,5f7e9d0f-e91b-4a78-92f9-37505fa5aa3d,Chinese Cabbage (incoming),leaf,late_summer,,2026-04-09T05:56:27.589866+00:00,2026-04-09T05:56:27.589866+00:00
15f63e5d-212a-456c-b23f-08c9e62f0b3a,5f7e9d0f-e91b-4a78-92f9-37505fa5aa3d,"Wrapping: Cabbage, Bittergreen, Chard",leaf,late_summer,,2026-04-09T05:56:27.589866+00:00,2026-04-09T05:56:27.589866+00:00
b6e5d564-2d10-4843-a007-5223b81d487f,5f7e9d0f-e91b-4a78-92f9-37505fa5aa3d,Collards,brassicas,late_summer,,2026-04-09T05:56:27.589866+00:00,2026-04-09T05:56:27.589866+00:00
79b2b3dc-72cf-4557-afb9-2297ab9341d2,5f7e9d0f-e91b-4a78-92f9-37505fa5aa3d,Kale,brassicas,late_summer,,2026-04-09T05:56:27.589866+00:00,2026-04-09T05:56:27.589866+00:00
19fb18a0-36f6-41ab-af3f-5e614472dc23,5f7e9d0f-e91b-4a78-92f9-37505fa5aa3d,Stem Broccoli (incoming),brassicas,late_summer,,2026-04-09T05:56:27.589866+00:00,2026-04-09T05:56:27.589866+00:00
9aaf1877-7753-4701-8741-ba253435428a,5f7e9d0f-e91b-4a78-92f9-37505fa5aa3d,Broccoli,brassicas,late_summer,,2026-04-09T05:56:27.589866+00:00,2026-04-09T05:56:27.589866+00:00
18e5afb4-b476-4b00-bb5d-75de2e79cb52,5f7e9d0f-e91b-4a78-92f9-37505fa5aa3d,Choy,brassicas,late_summer,,2026-04-09T05:56:27.589866+00:00,2026-04-09T05:56:27.589866+00:00
dc12c982-40ca-48fe-821b-25d643bf4d13,5f7e9d0f-e91b-4a78-92f9-37505fa5aa3d,Hinona Kabu,roots,late_summer,,2026-04-09T05:56:27.589866+00:00,2026-04-09T05:56:27.589866+00:00
5c46b2b1-9b42-41e6-b2dc-295513d28f0a,5f7e9d0f-e91b-4a78-92f9-37505fa5aa3d,Large Hakurei,roots,late_summer,,2026-04-09T05:56:27.589866+00:00,2026-04-09T05:56:27.589866+00:00
e93bed03-b7ed-4b26-9446-23417378c773,5f7e9d0f-e91b-4a78-92f9-37505fa5aa3d,Radishes,roots,late_summer,,2026-04-09T05:56:27.589866+00:00,2026-04-09T05:56:27.589866+00:00
cadee449-fdc0-4e8f-8cc7-3bcfbbcfa499,5f7e9d0f-e91b-4a78-92f9-37505fa5aa3d,Oil Seed Radish,roots,late_summer,,2026-04-09T05:56:27.589866+00:00,2026-04-09T05:56:27.589866+00:00
9839cafe-42c6-4e1f-8ba0-1e3649614cf7,5f7e9d0f-e91b-4a78-92f9-37505fa5aa3d,Beans,fruit,late_summer,,2026-04-09T05:56:27.589866+00:00,2026-04-09T05:56:27.589866+00:00
97c53709-254e-414b-bd9f-9d81104f38a0,5f7e9d0f-e91b-4a78-92f9-37505fa5aa3d,Figs,fruit,late_summer,,2026-04-09T05:56:27.589866+00:00,2026-04-09T05:56:27.589866+00:00
718d41ab-d0a9-40a5-8deb-d296e48afc65,5f7e9d0f-e91b-4a78-92f9-37505fa5aa3d,Hibiscus Calyx,fruit,late_summer,,2026-04-09T05:56:27.589866+00:00,2026-04-09T05:56:27.589866+00:00
b777c76d-2567-4bf1-a5fa-79b8c3198116,5f7e9d0f-e91b-4a78-92f9-37505fa5aa3d,Summer Squash,fruit,late_summer,,2026-04-09T05:56:27.589866+00:00,2026-04-09T05:56:27.589866+00:00
36af52fc-41f0-4a7c-9dfc-53674c736a05,5f7e9d0f-e91b-4a78-92f9-37505fa5aa3d,Strawberries,fruit,late_summer,,2026-04-09T05:56:27.589866+00:00,2026-04-09T05:56:27.589866+00:00
4a4a7333-b799-4ef8-b6e1-9fbdb9146ba4,5f7e9d0f-e91b-4a78-92f9-37505fa5aa3d,Cucumbers,fruit,late_summer,,2026-04-09T05:56:27.589866+00:00,2026-04-09T05:56:27.589866+00:00
6302977b-e19d-43d5-8d63-57bc8dc8a59a,5f7e9d0f-e91b-4a78-92f9-37505fa5aa3d,Eggplant,fruit,late_summer,,2026-04-09T05:56:27.589866+00:00,2026-04-09T05:56:27.589866+00:00
892cd034-cebc-4598-b274-3869a2d52db0,5f7e9d0f-e91b-4a78-92f9-37505fa5aa3d,Peppers,fruit,late_summer,,2026-04-09T05:56:27.589866+00:00,2026-04-09T05:56:27.589866+00:00
24d5b198-088c-4e4c-936b-612f9ddd8086,5f7e9d0f-e91b-4a78-92f9-37505fa5aa3d,Tomatoes,fruit,late_summer,,2026-04-09T05:56:27.589866+00:00,2026-04-09T05:56:27.589866+00:00
831c44b7-9436-48c0-b406-c0d686e99417,5f7e9d0f-e91b-4a78-92f9-37505fa5aa3d,Tomatillos,fruit,late_summer,,2026-04-09T05:56:27.589866+00:00,2026-04-09T05:56:27.589866+00:00
40609014-aa92-4734-a7f2-0022024ffa8f,5f7e9d0f-e91b-4a78-92f9-37505fa5aa3d,Fresh Prunes,fruit,late_summer,,2026-04-09T05:56:27.589866+00:00,2026-04-09T05:56:27.589866+00:00
841eb327-05dc-46a4-b961-e5aa3b73ee7b,5f7e9d0f-e91b-4a78-92f9-37505fa5aa3d,Asian Pears,fruit,late_summer,,2026-04-09T05:56:27.589866+00:00,2026-04-09T05:56:27.589866+00:00
373059ff-5039-488a-9a00-f410fdcb765b,5f7e9d0f-e91b-4a78-92f9-37505fa5aa3d,"Apples - Gravenstein, Red Delicious",fruit,late_summer,,2026-04-09T05:56:27.589866+00:00,2026-04-09T05:56:27.589866+00:00
0bec498c-7cac-4225-8f2d-632b173e4bef,5f7e9d0f-e91b-4a78-92f9-37505fa5aa3d,Gem Marigold,micro,early_fall,,2026-04-09T05:56:27.589866+00:00,2026-04-09T05:56:27.589866+00:00
ea0b0011-7bf3-4554-80b9-b89ad01ed8b2,5f7e9d0f-e91b-4a78-92f9-37505fa5aa3d,Sunflower,micro,early_fall,,2026-04-09T05:56:27.589866+00:00,2026-04-09T05:56:27.589866+00:00
7b8ce176-133a-44f3-acd7-2ec3ab911a5d,5f7e9d0f-e91b-4a78-92f9-37505fa5aa3d,Purslane,micro,early_fall,,2026-04-09T05:56:27.589866+00:00,2026-04-09T05:56:27.589866+00:00
be0a7648-d4d4-4b45-88c1-f9c1509347e7,5f7e9d0f-e91b-4a78-92f9-37505fa5aa3d,Nasturtium,micro,early_fall,,2026-04-09T05:56:27.589866+00:00,2026-04-09T05:56:27.589866+00:00
62a1189f-9bac-44f8-97f7-fbbd6dff1acc,5f7e9d0f-e91b-4a78-92f9-37505fa5aa3d,Fava,micro,early_fall,,2026-04-09T05:56:27.589866+00:00,2026-04-09T05:56:27.589866+00:00
268129cc-fdb0-40e4-b663-fcbfaeed10af,5f7e9d0f-e91b-4a78-92f9-37505fa5aa3d,Pea,micro,early_fall,,2026-04-09T05:56:27.589866+00:00,2026-04-09T05:56:27.589866+00:00
04320aa2-7e63-46d6-acb6-980c77cecdc1,5f7e9d0f-e91b-4a78-92f9-37505fa5aa3d,Fennel,micro,early_fall,,2026-04-09T05:56:27.589866+00:00,2026-04-09T05:56:27.589866+00:00
b5bf7e56-9245-4bd6-8503-c1c2bb1b046f,5f7e9d0f-e91b-4a78-92f9-37505fa5aa3d,Celery,micro,early_fall,,2026-04-09T05:56:27.589866+00:00,2026-04-09T05:56:27.589866+00:00
ed4b91b4-2dc0-4769-87bf-cde7660e22a8,5f7e9d0f-e91b-4a78-92f9-37505fa5aa3d,Lovage,micro,early_fall,,2026-04-09T05:56:27.589866+00:00,2026-04-09T05:56:27.589866+00:00
ab53f204-44ec-4983-bcdc-ae0788112c97,5f7e9d0f-e91b-4a78-92f9-37505fa5aa3d,Mustard,micro,early_fall,,2026-04-09T05:56:27.589866+00:00,2026-04-09T05:56:27.589866+00:00
2854c9b5-1993-4396-ab3f-f8a9c1b55ef5,5f7e9d0f-e91b-4a78-92f9-37505fa5aa3d,Sunflowers (preserved),flowers,early_fall,,2026-04-09T05:56:27.589866+00:00,2026-04-09T05:56:27.589866+00:00
27f8474b-7a16-4aaa-830b-8868187fcdb5,5f7e9d0f-e91b-4a78-92f9-37505fa5aa3d,Marigolds (preserved),flowers,early_fall,,2026-04-09T05:56:27.589866+00:00,2026-04-09T05:56:27.589866+00:00
9b2f1b31-fc00-429d-99fa-06825a98f3f9,5f7e9d0f-e91b-4a78-92f9-37505fa5aa3d,Succulents,leaf,early_fall,,2026-04-09T05:56:27.589866+00:00,2026-04-09T05:56:27.589866+00:00
916a747d-430d-43bd-921d-fa3c989dfcdb,5f7e9d0f-e91b-4a78-92f9-37505fa5aa3d,Hibiscus,leaf,early_fall,,2026-04-09T05:56:27.589866+00:00,2026-04-09T05:56:27.589866+00:00
d203f455-df7f-48e2-82b2-f4f9639eae52,5f7e9d0f-e91b-4a78-92f9-37505fa5aa3d,"Wrapping: Cabbage, Bittergreen, Lettuce",leaf,early_fall,,2026-04-09T05:56:27.589866+00:00,2026-04-09T05:56:27.589866+00:00
7942024d-db33-40a8-a3fc-3138d1d38842,5f7e9d0f-e91b-4a78-92f9-37505fa5aa3d,Mustard Greens,leaf,early_fall,,2026-04-09T05:56:27.589866+00:00,2026-04-09T05:56:27.589866+00:00
b27c1627-eb8b-4602-8bd9-ec0212c87000,5f7e9d0f-e91b-4a78-92f9-37505fa5aa3d,Swiss Chard,leaf,early_fall,,2026-04-09T05:56:27.589866+00:00,2026-04-09T05:56:27.589866+00:00
6b7c2c70-85fd-445e-9c53-e5ecf8f5f5ee,5f7e9d0f-e91b-4a78-92f9-37505fa5aa3d,Large Leaf Spinach,leaf,early_fall,,2026-04-09T05:56:27.589866+00:00,2026-04-09T05:56:27.589866+00:00
564d09fe-e9c5-4d0b-8478-e960ffcfe43f,5f7e9d0f-e91b-4a78-92f9-37505fa5aa3d,Purslane,leaf,early_fall,,2026-04-09T05:56:27.589866+00:00,2026-04-09T05:56:27.589866+00:00
3f103b72-eec8-49c4-a572-bbbe17c8b2a7,5f7e9d0f-e91b-4a78-92f9-37505fa5aa3d,Collards,brassicas,early_fall,,2026-04-09T05:56:27.589866+00:00,2026-04-09T05:56:27.589866+00:00
47280d20-99fd-4c49-bbb0-47af47a8ad73,5f7e9d0f-e91b-4a78-92f9-37505fa5aa3d,Kale,brassicas,early_fall,,2026-04-09T05:56:27.589866+00:00,2026-04-09T05:56:27.589866+00:00
6533068a-ff3d-4591-87c1-1dfe485432cb,5f7e9d0f-e91b-4a78-92f9-37505fa5aa3d,Broccoli,brassicas,early_fall,,2026-04-09T05:56:27.589866+00:00,2026-04-09T05:56:27.589866+00:00
a7977792-44c4-4599-9885-5df93e83bb86,5f7e9d0f-e91b-4a78-92f9-37505fa5aa3d,Stem Broccoli,brassicas,early_fall,,2026-04-09T05:56:27.589866+00:00,2026-04-09T05:56:27.589866+00:00
7afe560d-9d52-473f-9271-fe574347eb82,5f7e9d0f-e91b-4a78-92f9-37505fa5aa3d,Choy,brassicas,early_fall,,2026-04-09T05:56:27.589866+00:00,2026-04-09T05:56:27.589866+00:00
ed540201-3b79-4fbe-8b3d-6d4ae68759f8,5f7e9d0f-e91b-4a78-92f9-37505fa5aa3d,Kohlrabi,brassicas,early_fall,,2026-04-09T05:56:27.589866+00:00,2026-04-09T05:56:27.589866+00:00
d87e7ba9-9879-48e9-985d-147f5fdc251d,5f7e9d0f-e91b-4a78-92f9-37505fa5aa3d,Cauliflower - Sprouting,brassicas,early_fall,,2026-04-09T05:56:27.589866+00:00,2026-04-09T05:56:27.589866+00:00
39967cc5-030f-4589-b4f1-d3eea6b61b1e,5f7e9d0f-e91b-4a78-92f9-37505fa5aa3d,Daikon,roots,early_fall,,2026-04-09T05:56:27.589866+00:00,2026-04-09T05:56:27.589866+00:00
90f1420b-6045-4981-a7cd-1e08ac7abc6d,5f7e9d0f-e91b-4a78-92f9-37505fa5aa3d,Radishes,roots,early_fall,,2026-04-09T05:56:27.589866+00:00,2026-04-09T05:56:27.589866+00:00
fb58d20b-7c76-4b72-9667-4055f9ce0161,5f7e9d0f-e91b-4a78-92f9-37505fa5aa3d,Oil Seed Radish,roots,early_fall,,2026-04-09T05:56:27.589866+00:00,2026-04-09T05:56:27.589866+00:00
f695e336-af5c-4ee1-997f-a167c8f83a11,5f7e9d0f-e91b-4a78-92f9-37505fa5aa3d,Large Hakurei,roots,early_fall,,2026-04-09T05:56:27.589866+00:00,2026-04-09T05:56:27.589866+00:00
e62e81a3-0fb4-4c27-a1dc-9b03cf987424,5f7e9d0f-e91b-4a78-92f9-37505fa5aa3d,Pink Turnips - Large,roots,early_fall,,2026-04-09T05:56:27.589866+00:00,2026-04-09T05:56:27.589866+00:00
c85f0985-1682-49ad-b28d-5ee85dec0bba,5f7e9d0f-e91b-4a78-92f9-37505fa5aa3d,Baby Leeks,roots,early_fall,,2026-04-09T05:56:27.589866+00:00,2026-04-09T05:56:27.589866+00:00
8521365e-0046-4097-bdad-86b3f6987d76,5f7e9d0f-e91b-4a78-92f9-37505fa5aa3d,Green Tomatoes,fruit,early_fall,,2026-04-09T05:56:27.589866+00:00,2026-04-09T05:56:27.589866+00:00
f52d1272-6311-4ab0-b6a3-31d305c1ca73,5f7e9d0f-e91b-4a78-92f9-37505fa5aa3d,Tomatoes (preserved),fruit,early_fall,,2026-04-09T05:56:27.589866+00:00,2026-04-09T05:56:27.589866+00:00
99cda3d8-3c42-4bed-bbad-06eefec34eba,5f7e9d0f-e91b-4a78-92f9-37505fa5aa3d,Cal Bay Nuts,fruit,early_fall,,2026-04-09T05:56:27.589866+00:00,2026-04-09T05:56:27.589866+00:00
9122aeb3-3230-4bca-9a1a-42cf32c01b89,5f7e9d0f-e91b-4a78-92f9-37505fa5aa3d,Hibiscus Calyx,fruit,early_fall,,2026-04-09T05:56:27.589866+00:00,2026-04-09T05:56:27.589866+00:00
cc95b687-3e53-4199-8bd6-9e52d3923c9f,5f7e9d0f-e91b-4a78-92f9-37505fa5aa3d,Prunes (Preserved),fruit,early_fall,,2026-04-09T05:56:27.589866+00:00,2026-04-09T05:56:27.589866+00:00
71d02231-faee-4cff-8fa4-4c7a4f0c7cde,5f7e9d0f-e91b-4a78-92f9-37505fa5aa3d,Asian Pears (Preserved),fruit,early_fall,,2026-04-09T05:56:27.589866+00:00,2026-04-09T05:56:27.589866+00:00
c4a39bff-71bd-498e-9905-8e04d178c125,5f7e9d0f-e91b-4a78-92f9-37505fa5aa3d,Feijoa (late Oct),fruit,early_fall,,2026-04-09T05:56:27.589866+00:00,2026-04-09T05:56:27.589866+00:00
87e42e9c-3521-4063-87f7-9bf0f6229cce,5f7e9d0f-e91b-4a78-92f9-37505fa5aa3d,Peppers (preserved),fruit,early_fall,,2026-04-09T05:56:27.589866+00:00,2026-04-09T05:56:27.589866+00:00
e7b28651-7316-4ea6-af9e-b721d119eb3c,5f7e9d0f-e91b-4a78-92f9-37505fa5aa3d,Quince,fruit,early_fall,,2026-04-09T05:56:27.589866+00:00,2026-04-09T05:56:27.589866+00:00
8eea36ba-95cc-4756-9019-e1e4bb998db8,5f7e9d0f-e91b-4a78-92f9-37505fa5aa3d,Beans (Preserved),fruit,early_fall,,2026-04-09T05:56:27.589866+00:00,2026-04-09T05:56:27.589866+00:00
ce65caa3-bb05-4de4-b175-2ece982460df,5f7e9d0f-e91b-4a78-92f9-37505fa5aa3d,Wasabi Arugula,micro,late_fall,,2026-04-09T05:56:27.589866+00:00,2026-04-09T05:56:27.589866+00:00
747a25a0-9fe7-4838-aebb-17fd28f37454,5f7e9d0f-e91b-4a78-92f9-37505fa5aa3d,Borage,micro,late_fall,,2026-04-09T05:56:27.687873+00:00,2026-04-09T05:56:27.687873+00:00
bb1f0a7c-5c18-4519-85a0-7193371454fb,5f7e9d0f-e91b-4a78-92f9-37505fa5aa3d,Choy,micro,late_fall,,2026-04-09T05:56:27.687873+00:00,2026-04-09T05:56:27.687873+00:00
778f1110-779e-483a-88be-8a1a17108d93,5f7e9d0f-e91b-4a78-92f9-37505fa5aa3d,Chrysanthemum,micro,late_fall,,2026-04-09T05:56:27.687873+00:00,2026-04-09T05:56:27.687873+00:00
29d8eae6-b342-4bb7-995d-05573df3520e,5f7e9d0f-e91b-4a78-92f9-37505fa5aa3d,Fava,micro,late_fall,,2026-04-09T05:56:27.687873+00:00,2026-04-09T05:56:27.687873+00:00
f112765b-a677-49dd-8e14-98ab2678af63,5f7e9d0f-e91b-4a78-92f9-37505fa5aa3d,Pea,micro,late_fall,,2026-04-09T05:56:27.687873+00:00,2026-04-09T05:56:27.687873+00:00
6d3d60f0-6e08-4ea8-91a6-98e6d22f2726,5f7e9d0f-e91b-4a78-92f9-37505fa5aa3d,Fennel,micro,late_fall,,2026-04-09T05:56:27.687873+00:00,2026-04-09T05:56:27.687873+00:00
0e348d56-387f-42a1-8d4a-1399d1d98a74,5f7e9d0f-e91b-4a78-92f9-37505fa5aa3d,Celery,micro,late_fall,,2026-04-09T05:56:27.687873+00:00,2026-04-09T05:56:27.687873+00:00
d9613c47-60fc-4571-8912-8a4d459f925e,5f7e9d0f-e91b-4a78-92f9-37505fa5aa3d,Lovage,micro,late_fall,,2026-04-09T05:56:27.687873+00:00,2026-04-09T05:56:27.687873+00:00
4cc0ab0c-374c-44b6-8c42-98b47a5cc36d,5f7e9d0f-e91b-4a78-92f9-37505fa5aa3d,Mustard,micro,late_fall,,2026-04-09T05:56:27.687873+00:00,2026-04-09T05:56:27.687873+00:00
5d96fe7b-f967-4aec-ab5e-d6ec45c059bf,5f7e9d0f-e91b-4a78-92f9-37505fa5aa3d,Carrot,micro,late_fall,,2026-04-09T05:56:27.687873+00:00,2026-04-09T05:56:27.687873+00:00
91f8b3dd-5f4e-42fa-b01a-3586daabc08b,5f7e9d0f-e91b-4a78-92f9-37505fa5aa3d,Radish,flowers,late_fall,,2026-04-09T05:56:27.687873+00:00,2026-04-09T05:56:27.687873+00:00
5ea16f49-43e6-428b-99a0-fec49885ff4b,5f7e9d0f-e91b-4a78-92f9-37505fa5aa3d,Fava,flowers,late_fall,,2026-04-09T05:56:27.687873+00:00,2026-04-09T05:56:27.687873+00:00
d55c2f06-083e-4524-8f26-ab36d144ea27,5f7e9d0f-e91b-4a78-92f9-37505fa5aa3d,Fennel,flowers,late_fall,,2026-04-09T05:56:27.687873+00:00,2026-04-09T05:56:27.687873+00:00
b78ff7d5-de20-4e4f-96fe-338e8177d1c6,5f7e9d0f-e91b-4a78-92f9-37505fa5aa3d,Broccoli,flowers,late_fall,,2026-04-09T05:56:27.687873+00:00,2026-04-09T05:56:27.687873+00:00
799447af-6baa-4cf9-a8a7-21bbe8f8873e,5f7e9d0f-e91b-4a78-92f9-37505fa5aa3d,Succulents,leaf,late_fall,,2026-04-09T05:56:27.687873+00:00,2026-04-09T05:56:27.687873+00:00
e81611ca-0965-4759-a91f-dff89c821bd2,5f7e9d0f-e91b-4a78-92f9-37505fa5aa3d,Hibiscus (outgoing),leaf,late_fall,,2026-04-09T05:56:27.687873+00:00,2026-04-09T05:56:27.687873+00:00
5f2e8a6b-7e1d-4d56-81e4-d4c3b0c501e3,5f7e9d0f-e91b-4a78-92f9-37505fa5aa3d,Chinese Cabbage (heading),leaf,late_fall,,2026-04-09T05:56:27.687873+00:00,2026-04-09T05:56:27.687873+00:00
5185b556-4e48-4941-bbd8-0ce94c7fa42b,5f7e9d0f-e91b-4a78-92f9-37505fa5aa3d,Wrapping,leaf,late_fall,,2026-04-09T05:56:27.687873+00:00,2026-04-09T05:56:27.687873+00:00
f3cc16e4-5e9c-4906-aba8-579f8ff3e92a,5f7e9d0f-e91b-4a78-92f9-37505fa5aa3d,Swiss Chard,leaf,late_fall,,2026-04-09T05:56:27.687873+00:00,2026-04-09T05:56:27.687873+00:00
228dadb9-7ffa-4843-8511-ead651cba1e7,5f7e9d0f-e91b-4a78-92f9-37505fa5aa3d,Large leaf spinach,leaf,late_fall,,2026-04-09T05:56:27.687873+00:00,2026-04-09T05:56:27.687873+00:00
f478ce0c-8b02-44ad-8633-44aefe9b494e,5f7e9d0f-e91b-4a78-92f9-37505fa5aa3d,Bittergreens,leaf,late_fall,,2026-04-09T05:56:27.687873+00:00,2026-04-09T05:56:27.687873+00:00
0d93411b-0561-4c9a-911c-5be001554fa0,5f7e9d0f-e91b-4a78-92f9-37505fa5aa3d,Cabbage,leaf,late_fall,,2026-04-09T05:56:27.687873+00:00,2026-04-09T05:56:27.687873+00:00
5eba78b7-ebc6-4d2b-866b-d6b289e8263a,5f7e9d0f-e91b-4a78-92f9-37505fa5aa3d,Mustard Greens,leaf,late_fall,,2026-04-09T05:56:27.687873+00:00,2026-04-09T05:56:27.687873+00:00
b1b88c30-846d-4f03-9250-8cb13517cec5,5f7e9d0f-e91b-4a78-92f9-37505fa5aa3d,Nasturtium,leaf,late_fall,,2026-04-09T05:56:27.687873+00:00,2026-04-09T05:56:27.687873+00:00
e74fd3cf-9af3-45b4-9c54-405821ccb2b2,5f7e9d0f-e91b-4a78-92f9-37505fa5aa3d,Sorrels,leaf,late_fall,,2026-04-09T05:56:27.687873+00:00,2026-04-09T05:56:27.687873+00:00
4ba6ebd3-967a-4de8-8f1d-ccde2a377ac7,5f7e9d0f-e91b-4a78-92f9-37505fa5aa3d,Peppercorn Leaf,leaf,late_fall,,2026-04-09T05:56:27.687873+00:00,2026-04-09T05:56:27.687873+00:00
aa9348b7-abc6-4fde-9031-b821f0a4f10d,5f7e9d0f-e91b-4a78-92f9-37505fa5aa3d,Arugula,leaf,late_fall,,2026-04-09T05:56:27.687873+00:00,2026-04-09T05:56:27.687873+00:00
e6c7d431-543c-4697-a50a-20ed562aae93,5f7e9d0f-e91b-4a78-92f9-37505fa5aa3d,Collards,brassicas,late_fall,,2026-04-09T05:56:27.687873+00:00,2026-04-09T05:56:27.687873+00:00
4b84ad9d-78c4-4405-b262-992a2e5be376,5f7e9d0f-e91b-4a78-92f9-37505fa5aa3d,Kale,brassicas,late_fall,,2026-04-09T05:56:27.687873+00:00,2026-04-09T05:56:27.687873+00:00
cc05ae21-a33c-4f76-9de9-812a422c477e,5f7e9d0f-e91b-4a78-92f9-37505fa5aa3d,Stem Broccoli,brassicas,late_fall,,2026-04-09T05:56:27.687873+00:00,2026-04-09T05:56:27.687873+00:00
b6d5680a-03cc-415c-afa2-0918bcc93dfc,5f7e9d0f-e91b-4a78-92f9-37505fa5aa3d,Broccoli,brassicas,late_fall,,2026-04-09T05:56:27.687873+00:00,2026-04-09T05:56:27.687873+00:00
a50b45ad-5aea-4299-ad5e-be29cbd7e56c,5f7e9d0f-e91b-4a78-92f9-37505fa5aa3d,Kohlrabi,brassicas,late_fall,,2026-04-09T05:56:27.687873+00:00,2026-04-09T05:56:27.687873+00:00
697b6897-676e-4e00-abf3-d3f7c7dbde33,5f7e9d0f-e91b-4a78-92f9-37505fa5aa3d,Baby Leeks,roots,late_fall,,2026-04-09T05:56:27.687873+00:00,2026-04-09T05:56:27.687873+00:00
e7d7604c-e1e1-4546-b43d-cfb236f02da9,5f7e9d0f-e91b-4a78-92f9-37505fa5aa3d,Nap Onion,roots,late_fall,,2026-04-09T05:56:27.687873+00:00,2026-04-09T05:56:27.687873+00:00
4900db5e-977d-41d9-8d15-63b0f3e86355,5f7e9d0f-e91b-4a78-92f9-37505fa5aa3d,Daikon,roots,late_fall,,2026-04-09T05:56:27.687873+00:00,2026-04-09T05:56:27.687873+00:00
35a2acfb-8368-44e0-ac6b-951890d79b70,5f7e9d0f-e91b-4a78-92f9-37505fa5aa3d,Radishes,roots,late_fall,,2026-04-09T05:56:27.687873+00:00,2026-04-09T05:56:27.687873+00:00
48b7891c-2ec8-4aa1-8c46-01fc684ccca5,5f7e9d0f-e91b-4a78-92f9-37505fa5aa3d,Oil Seed Radish,roots,late_fall,,2026-04-09T05:56:27.687873+00:00,2026-04-09T05:56:27.687873+00:00
d6763f50-f636-4089-b0ae-5a9f1f2ec7a8,5f7e9d0f-e91b-4a78-92f9-37505fa5aa3d,Large Hakurei,roots,late_fall,,2026-04-09T05:56:27.687873+00:00,2026-04-09T05:56:27.687873+00:00
ca5c6246-0228-4358-bb90-7bb6791f7518,5f7e9d0f-e91b-4a78-92f9-37505fa5aa3d,Pink Turnips - Large,roots,late_fall,,2026-04-09T05:56:27.687873+00:00,2026-04-09T05:56:27.687873+00:00
1e16040d-886e-427f-8d2e-5b775bd280b9,5f7e9d0f-e91b-4a78-92f9-37505fa5aa3d,Baby Leeks,roots,late_fall,,2026-04-09T05:56:27.687873+00:00,2026-04-09T05:56:27.687873+00:00
c7bfd690-3065-497b-9682-faa3314dc126,5f7e9d0f-e91b-4a78-92f9-37505fa5aa3d,Horseradish,roots,late_fall,,2026-04-09T05:56:27.687873+00:00,2026-04-09T05:56:27.687873+00:00
16869aaa-9589-4f05-9967-73f38a77a63f,5f7e9d0f-e91b-4a78-92f9-37505fa5aa3d,Oxheart Carrots,roots,late_fall,,2026-04-09T05:56:27.687873+00:00,2026-04-09T05:56:27.687873+00:00
ec5ba9ec-5361-4c76-a5b1-188901350355,5f7e9d0f-e91b-4a78-92f9-37505fa5aa3d,GB Turnips,roots,late_fall,,2026-04-09T05:56:27.687873+00:00,2026-04-09T05:56:27.687873+00:00
262c26aa-b521-46de-8da4-aa16b999d57f,5f7e9d0f-e91b-4a78-92f9-37505fa5aa3d,Green Tomatoes,fruit,late_fall,,2026-04-09T05:56:27.687873+00:00,2026-04-09T05:56:27.687873+00:00
c7bd183e-f454-458c-924d-76522b49f0d5,5f7e9d0f-e91b-4a78-92f9-37505fa5aa3d,Winter Squash,fruit,late_fall,,2026-04-09T05:56:27.687873+00:00,2026-04-09T05:56:27.687873+00:00
cba069c8-b7e2-4351-9710-e190e282c828,5f7e9d0f-e91b-4a78-92f9-37505fa5aa3d,Radish Pods,fruit,late_fall,,2026-04-09T05:56:27.687873+00:00,2026-04-09T05:56:27.687873+00:00
3ca2ca71-22a0-41b8-b444-00f4fec533ee,5f7e9d0f-e91b-4a78-92f9-37505fa5aa3d,Peppers (preserved),fruit,late_fall,,2026-04-09T05:56:27.687873+00:00,2026-04-09T05:56:27.687873+00:00
3c7fb30b-fa60-4038-b20f-a980bd48be25,5f7e9d0f-e91b-4a78-92f9-37505fa5aa3d,Crab Apples,fruit,late_fall,,2026-04-09T05:56:27.687873+00:00,2026-04-09T05:56:27.687873+00:00
87a6b3a2-361e-4234-9168-3d9362166829,5f7e9d0f-e91b-4a78-92f9-37505fa5aa3d,Persimmons,fruit,late_fall,,2026-04-09T05:56:27.687873+00:00,2026-04-09T05:56:27.687873+00:00
