id,date,day_of_week,ordering_open,created_at
768fa512-6570-4ea0-8b78-b1d8d7e25330,2026-04-16,thursday,True,2026-04-07T06:42:27.754787+00:00
e7f00055-0084-4f3a-8fe3-eca6956abd9a,2026-04-18,saturday,True,2026-04-07T06:42:27.754787+00:00
b2c1857f-aadd-4fc4-963e-7a12d567a4b1,2026-04-20,monday,True,2026-04-07T06:42:27.754787+00:00
2562b5f1-beb2-4b77-8578-c33143072f66,2026-04-23,thursday,True,2026-04-07T06:42:27.754787+00:00
9a610e51-1fe6-43d8-b2ca-4b80181e3055,2026-04-25,saturday,True,2026-04-07T06:42:27.754787+00:00
9424a9ac-1d77-4b41-96ed-5233bd71e600,2026-05-02,saturday,True,2026-04-07T16:25:38.330486+00:00
2dde5933-bb3f-4969-b50a-6654678d137c,2026-05-04,monday,True,2026-04-07T16:25:38.330486+00:00
03d85c95-0033-4796-ac8d-5f46583396b8,2026-05-07,thursday,True,2026-04-07T16:25:38.330486+00:00
4e9870a1-ba36-481f-898e-a79c5e1cf4d8,2026-05-09,saturday,True,2026-04-07T16:25:38.330486+00:00
a6a6d230-6b1a-4cfc-86ec-7cd082591a6d,2026-05-11,monday,True,2026-04-07T16:25:38.330486+00:00
04156c61-7a6b-431b-8184-e0d3013d9767,2026-05-14,thursday,True,2026-04-07T16:25:38.330486+00:00
e564eec6-0145-4a2b-ba6a-6bc6e95a82d3,2026-05-16,saturday,True,2026-04-07T16:25:38.330486+00:00
51d3096a-29e2-40e3-89d8-5495259c9678,2026-05-18,monday,True,2026-04-07T16:25:38.330486+00:00
d74fbaf2-26ef-4ef2-bd87-d4eec5468f95,2026-05-21,thursday,True,2026-04-07T16:25:38.330486+00:00
1127dfb8-a6da-408c-91ea-e33cbf7d175b,2026-05-23,saturday,True,2026-04-07T16:25:38.330486+00:00
a2b1e8e2-a7bc-41cc-ab5a-7f2e800462c9,2026-05-25,monday,True,2026-04-07T16:25:38.330486+00:00
daa62b4e-1f54-4b0a-80d7-b6d2fe583f8c,2026-05-28,thursday,True,2026-04-07T16:25:38.330486+00:00
1a7b66ee-1c31-4434-9002-f48187bf51aa,2026-05-30,saturday,True,2026-04-07T16:25:38.330486+00:00
bcce1f44-1dc1-49d4-a82c-fcce3942047f,2026-06-01,monday,True,2026-04-07T16:25:38.330486+00:00
e377fa8f-8504-48f1-a602-a141ad1afab1,2026-06-04,thursday,True,2026-04-07T16:25:38.330486+00:00
04493c32-2329-4a3a-81c8-f3167add1f87,2026-06-06,saturday,True,2026-04-07T16:25:38.330486+00:00
f45ec8c2-cafa-44be-8074-8b169bea675c,2026-06-08,monday,True,2026-04-07T16:25:38.330486+00:00
857c54fc-da1e-4b20-aafa-1deb32364fb9,2026-06-11,thursday,True,2026-04-07T16:25:38.330486+00:00
f76a58f9-e86f-4afb-819d-73c0b6eaaae8,2026-06-13,saturday,True,2026-04-07T16:25:38.330486+00:00
3ac6f201-93d8-4fd0-9556-a19f1cb8f070,2026-06-15,monday,True,2026-04-07T16:25:38.330486+00:00
d4a9687c-e1c8-4a6d-a0a4-bb1795378baf,2026-06-18,thursday,True,2026-04-07T16:25:38.330486+00:00
76c2fff2-57dd-4e2b-a0c1-b9558174b7fd,2026-06-20,saturday,True,2026-04-07T16:25:38.330486+00:00
356ebd53-dab6-4d44-bcd3-bb45fe3f0798,2026-06-22,monday,True,2026-04-07T16:25:38.330486+00:00
29c6577e-80b0-4531-9ac8-12c1e2db0937,2026-06-25,thursday,True,2026-04-07T16:25:38.330486+00:00
5200b370-6a13-434b-81dd-e2ee07f20f23,2026-06-27,saturday,True,2026-04-07T16:25:38.330486+00:00
20ef3a20-b851-42e8-8dd5-7f5c7a0fa37d,2026-06-29,monday,True,2026-04-07T16:25:38.330486+00:00
5a98f4a6-3a77-4422-9da7-d46b1c184f3c,2026-07-02,thursday,True,2026-04-07T16:25:38.330486+00:00
b0541ca4-69c3-41af-97e9-11913415ad63,2026-07-04,saturday,True,2026-04-07T16:25:38.330486+00:00
d85ea4bd-4439-44a5-962b-ecb6d83b345c,2026-07-06,monday,True,2026-04-07T16:25:38.330486+00:00
c10960f1-b6e5-4594-bece-7d2212d7e946,2026-07-09,thursday,True,2026-04-07T16:25:38.330486+00:00
866e24d8-0f52-4fdc-a442-5f4627f6806e,2026-07-11,saturday,True,2026-04-07T16:25:38.330486+00:00
7e9af6e6-d89c-4bb9-8197-792e6b98e05b,2026-07-13,monday,True,2026-04-07T16:25:38.330486+00:00
fb8dd07c-3cf9-4bcc-9908-a8fb713486f2,2026-07-16,thursday,True,2026-04-07T16:25:38.330486+00:00
f1421193-48c1-4f57-ad4f-22fb3f44a1d9,2026-07-18,saturday,True,2026-04-07T16:25:38.330486+00:00
580b6f21-3575-4ba3-847c-65e8051a0ce8,2026-07-20,monday,True,2026-04-07T16:25:38.330486+00:00
bdc055f7-3261-40b8-81ac-c2b25b8a5853,2026-07-23,thursday,True,2026-04-07T16:25:38.330486+00:00
522a0d6f-5123-4ede-9a3f-1701d0f1d1cb,2026-07-25,saturday,True,2026-04-07T16:25:38.330486+00:00
0f17dfbb-7166-4014-85b7-6bb579f60a82,2026-07-27,monday,True,2026-04-07T16:25:38.330486+00:00
e48558e4-682f-4ac1-a209-fddb1d63e0d2,2026-07-30,thursday,True,2026-04-07T16:25:38.330486+00:00
99cae9c9-07f5-4947-90ab-523b6a6d810b,2026-08-01,saturday,True,2026-04-07T16:25:38.330486+00:00
ff3861f1-226d-4699-b19d-b0fbe7b42a1a,2026-08-03,monday,True,2026-04-07T16:25:38.330486+00:00
6740a3f6-7184-4362-87e3-233b91aad50c,2026-08-06,thursday,True,2026-04-07T16:25:38.330486+00:00
229047b8-60f3-4be7-b292-9410be06d92c,2026-08-08,saturday,True,2026-04-07T16:25:38.330486+00:00
b2be72fd-7d93-489a-be96-5f0c48db3a09,2026-08-10,monday,True,2026-04-07T16:25:38.330486+00:00
fe5c2f7e-aef8-4123-8789-b854876f2c9d,2026-08-13,thursday,True,2026-04-07T16:25:38.330486+00:00
28cc9abb-6d71-4dea-bffd-1c23ac8626e8,2026-08-15,saturday,True,2026-04-07T16:25:38.330486+00:00
ee177866-a512-41e9-bf4a-b6d94f64067e,2026-08-17,monday,True,2026-04-07T16:25:38.330486+00:00
ca26d55f-b1da-4446-bdd3-f36ad6acde70,2026-08-20,thursday,True,2026-04-07T16:25:38.330486+00:00
096d9f3d-7220-472e-87b1-90951e723dd3,2026-08-22,saturday,True,2026-04-07T16:25:38.330486+00:00
8a90a065-9de2-4fbf-918d-594b57656cc6,2026-08-24,monday,True,2026-04-07T16:25:38.330486+00:00
4a13294d-c78d-489b-990b-1eb9b0c3ba88,2026-08-27,thursday,True,2026-04-07T16:25:38.330486+00:00
b885bd49-717f-4cce-b2b2-9f549d7bbb1a,2026-08-29,saturday,True,2026-04-07T16:25:38.330486+00:00
f5256dbb-7e06-4fb9-a611-527b1bf6b810,2026-08-31,monday,True,2026-04-07T16:25:38.330486+00:00
82c5ede8-caba-4ff4-9cf3-da634ded8db2,2026-09-03,thursday,True,2026-04-07T16:25:38.330486+00:00
cd3b5fce-c444-42f8-b5db-e6d74dd5be76,2026-09-05,saturday,True,2026-04-07T16:25:38.330486+00:00
382a77be-d0a0-48d9-8ff9-6dadf7dc92c7,2026-09-07,monday,True,2026-04-07T16:25:38.330486+00:00
e5ec4509-046d-4c7d-88e5-d2c157cde644,2026-09-10,thursday,True,2026-04-07T16:25:38.330486+00:00
cde2078f-60c4-41c1-b81c-827aad5827eb,2026-09-12,saturday,True,2026-04-07T16:25:38.330486+00:00
0f6f9351-365f-4612-b178-f6b805b059c6,2026-09-14,monday,True,2026-04-07T16:25:38.330486+00:00
9bcfbcc0-498c-4d75-8150-fda3f3f43f17,2026-09-17,thursday,True,2026-04-07T16:25:38.330486+00:00
00117531-1cc4-4c4f-bfc8-6497cfda0e63,2026-09-19,saturday,True,2026-04-07T16:25:38.330486+00:00
d85bb59b-15b2-4c88-b4a5-f071af227fd0,2026-09-21,monday,True,2026-04-07T16:25:38.330486+00:00
783c29f9-0f64-4214-ac56-f937b0021bb7,2026-09-24,thursday,True,2026-04-07T16:25:38.330486+00:00
8a7e7fe5-ef51-4ade-936a-a68b8754b711,2026-09-26,saturday,True,2026-04-07T16:25:38.330486+00:00
32d98f9c-0956-43a2-a2c4-cd6fbc90cc3f,2026-09-28,monday,True,2026-04-07T16:25:38.330486+00:00
c0222b2a-2b34-445d-ae13-733d386d4827,2026-10-01,thursday,True,2026-04-07T16:25:38.330486+00:00
ed27c028-0ec9-47cf-a78c-4959dd31263d,2026-10-03,saturday,True,2026-04-07T16:25:38.330486+00:00
fda16099-3b6f-4c3f-aaaf-9abb177092e9,2026-10-05,monday,True,2026-04-07T16:25:38.330486+00:00
8118c662-f70d-48a1-a1a2-a4c402a9afbf,2026-10-08,thursday,True,2026-04-07T16:25:38.330486+00:00
4cfcaea7-5086-4199-8d19-70281ec3e399,2026-10-10,saturday,True,2026-04-07T16:25:38.330486+00:00
ab6521d5-430f-4fe8-8dbb-f93ec67d6b2f,2026-10-12,monday,True,2026-04-07T16:25:38.330486+00:00
89080cda-145a-4c49-8c7b-98b03571f2cb,2026-10-15,thursday,True,2026-04-07T16:25:38.330486+00:00
0c77b975-4306-406f-a8f2-e9b92dc45ceb,2026-10-17,saturday,True,2026-04-07T16:25:38.330486+00:00
b151d90c-68e8-473a-ba4b-d9f0b5319eac,2026-10-19,monday,True,2026-04-07T16:25:38.330486+00:00
3ac36f68-d2f9-4d5f-846d-cda003dadb08,2026-10-22,thursday,True,2026-04-07T16:25:38.330486+00:00
3f29882d-ad5d-447d-9fcd-679176d2db1f,2026-10-24,saturday,True,2026-04-07T16:25:38.330486+00:00
0a39a69b-6a24-4f0d-8baa-3e8e36ec8176,2026-10-26,monday,True,2026-04-07T16:25:38.330486+00:00
a5a482cb-0124-47e7-81cd-4122fd8dd693,2026-10-29,thursday,True,2026-04-07T16:25:38.330486+00:00
6399423d-03e4-4ee0-a557-ad20c17f5929,2026-10-31,saturday,True,2026-04-07T16:25:38.330486+00:00
b92154b7-2bcd-4718-9e1c-70fa3ad90c29,2026-11-02,monday,True,2026-04-07T16:25:38.330486+00:00
75a84532-df79-4ba8-bf59-3525a169898a,2026-11-05,thursday,True,2026-04-07T16:25:38.330486+00:00
e3a21892-a885-4c51-9c32-e4799472dceb,2026-11-07,saturday,True,2026-04-07T16:25:38.330486+00:00
05163b2e-818a-4332-bdef-7233189c636d,2026-11-09,monday,True,2026-04-07T16:25:38.330486+00:00
ff8be2be-a3b8-42c7-a9b3-6c10a3155c1e,2026-11-12,thursday,True,2026-04-07T16:25:38.330486+00:00
c45def40-78fb-4db5-ae59-40c0ef288b76,2026-11-14,saturday,True,2026-04-07T16:25:38.330486+00:00
836547e1-d10d-4479-8189-3a1405d6d1bc,2026-11-16,monday,True,2026-04-07T16:25:38.330486+00:00
fd7bbec9-eb77-4004-8d3e-a0e9ed7cc6c9,2026-11-19,thursday,True,2026-04-07T16:25:38.330486+00:00
9e3add5b-5bdc-421e-b853-0c591d042232,2026-11-21,saturday,True,2026-04-07T16:25:38.330486+00:00
bac02c57-6cd1-4df4-9192-2b9f130246dc,2026-11-23,monday,True,2026-04-07T16:25:38.330486+00:00
defabb10-e2dd-4381-a842-da93b949be91,2026-11-26,thursday,True,2026-04-07T16:25:38.330486+00:00
7a254c76-d476-4209-ac28-76e8759040d5,2026-11-28,saturday,True,2026-04-07T16:25:38.330486+00:00
a90ab5d6-1b17-41ba-8092-e0d7ccdd91cf,2026-11-30,monday,True,2026-04-07T16:25:38.330486+00:00
ebc3501a-3a17-4d06-9f0e-6acf1b3a755c,2026-12-03,thursday,True,2026-04-07T16:25:38.330486+00:00
4828209c-8ece-470d-b966-d57155d72cf0,2026-12-05,saturday,True,2026-04-07T16:25:38.330486+00:00
310048aa-4b32-4544-aca1-fbba35831ef7,2026-12-07,monday,True,2026-04-07T16:25:38.330486+00:00
8c0ef839-5a8c-4ce4-bd67-c3cd94bc1510,2026-12-10,thursday,True,2026-04-07T16:25:38.330486+00:00
43a824dc-0255-40d3-8da3-eff436cf4a20,2026-12-12,saturday,True,2026-04-07T16:25:38.330486+00:00
7db4be22-97d0-4557-a0c3-0e74276b092b,2026-12-14,monday,True,2026-04-07T16:25:38.330486+00:00
4333da4a-c119-4dfb-8d44-28a5ad14062b,2026-12-17,thursday,True,2026-04-07T16:25:38.330486+00:00
d4190235-6148-45c7-a465-7449192027a1,2026-12-19,saturday,True,2026-04-07T16:25:38.330486+00:00
4239dce6-be26-497b-8fb6-aad48b9e373f,2026-12-21,monday,True,2026-04-07T16:25:38.330486+00:00
c997b132-362e-4f9f-8bf7-0421e56f58b5,2026-12-24,thursday,True,2026-04-07T16:25:38.330486+00:00
34068f29-9903-4738-a074-f3958d506e05,2026-12-26,saturday,True,2026-04-07T16:25:38.330486+00:00
0e43c2c4-f1b4-475c-b4bb-d776709d4582,2026-12-28,monday,True,2026-04-07T16:25:38.330486+00:00
6838e4eb-6e41-42e6-8ccc-e98bddf51d65,2026-12-31,thursday,True,2026-04-07T16:25:38.330486+00:00
943d4f91-656c-43d2-8fd8-90644694ab91,2027-01-02,saturday,True,2026-04-07T16:25:38.330486+00:00
feeedb8c-f18a-432a-b42c-f5d634b60ed4,2027-01-04,monday,True,2026-04-07T16:25:38.330486+00:00
3549dd01-47dd-4e71-bf13-cb31cc5a0023,2027-01-07,thursday,True,2026-04-07T16:25:38.330486+00:00
0b5e8bef-2b69-4006-9f49-12153d09cd96,2027-01-09,saturday,True,2026-04-07T16:25:38.330486+00:00
a45c772a-cf9b-464f-9143-abf03b36b4c7,2027-01-11,monday,True,2026-04-07T16:25:38.330486+00:00
5c22cfcf-dad2-447d-9e36-2b9ba84b49e3,2026-04-27,monday,True,2026-04-07T16:25:38.330486+00:00
a4f1389e-93d7-4660-95c7-c5ef4fcbf545,2026-04-11,saturday,True,2026-04-07T06:42:27.754787+00:00
fc3dc5a4-ee10-45dc-a3e9-864b497955ec,2026-04-30,thursday,True,2026-04-07T16:25:38.330486+00:00
88693bcf-4157-4f26-9ce6-29f68d92d75e,2026-04-09,thursday,True,2026-04-07T06:42:27.754787+00:00
020aec1f-bbd6-4f0e-adc5-0884b5e6f81d,2027-01-14,thursday,True,2026-04-13T08:08:48.186507+00:00
fa20697d-064f-452e-9075-cadc5a673929,2027-01-16,saturday,True,2026-04-13T08:08:48.186507+00:00
5700e38a-d598-4a94-b9bc-e38b94a87f59,2027-01-18,monday,True,2026-04-13T08:08:48.186507+00:00
3fe7ed11-5b6c-4d2c-baf5-d180e32e5ecf,2027-01-21,thursday,True,2026-04-13T08:08:48.186507+00:00
48f0a561-0ab2-4823-8d1a-75f700ca1229,2027-01-23,saturday,True,2026-04-13T08:08:48.186507+00:00
f6932e2e-397a-4a79-acae-73b2ce7a8297,2027-01-25,monday,True,2026-04-13T08:08:48.186507+00:00
6801b1fd-7374-4cbf-a12f-2ecd34669dee,2026-04-13,monday,True,2026-04-07T06:42:27.754787+00:00
