id,farm_id,date,category,description,amount,receipt_url,created_at,updated_at,vendor
6ef249b9-b7d2-45e2-86ff-4e5777e5c4d5,5f7e9d0f-e91b-4a78-92f9-37505fa5aa3d,2026-01-20,Software,,46.0,,2026-04-13T05:48:21.485515+00:00,2026-04-13T05:51:41.239325+00:00,Tend
0c1b1f09-2bbc-4559-8060-8f1d56e52311,5f7e9d0f-e91b-4a78-92f9-37505fa5aa3d,2026-02-20,Software,,46.0,,2026-04-13T05:48:51.054749+00:00,2026-04-13T05:52:20.266223+00:00,Tend
ba979601-7cc7-4a52-acef-f0a7271e8c1d,5f7e9d0f-e91b-4a78-92f9-37505fa5aa3d,2026-03-20,Software,,46.0,,2026-04-13T05:49:14.592383+00:00,2026-04-13T06:02:54.300172+00:00,Tend
3cd77207-9f7b-4061-9c75-07c278c56914,5f7e9d0f-e91b-4a78-92f9-37505fa5aa3d,2026-03-17,Soil,Compost,300.0,,2026-04-13T06:05:52.525035+00:00,2026-04-13T06:21:27.343248+00:00,Napa Recycling & Waste Services
c1ea13c5-1f69-4def-85a2-111a28ec11d1,5f7e9d0f-e91b-4a78-92f9-37505fa5aa3d,2026-03-08,Equipment,,928.07,,2026-04-13T06:26:38.432794+00:00,2026-04-13T06:26:54.422024+00:00,Johnny's
fafbdd86-5d37-4b4c-a283-611a7eef7c6d,5f7e9d0f-e91b-4a78-92f9-37505fa5aa3d,2026-02-25,Supplies,"Mosquito Dunks, Take Root Rooting Hormone",33.71,,2026-04-13T05:50:58.500307+00:00,2026-04-13T05:52:33.097029+00:00,Home Depot
fbce8c88-922f-4265-9316-f6cddd3827ac,5f7e9d0f-e91b-4a78-92f9-37505fa5aa3d,2026-03-23,Supplies,Tomato Twine,96.48,,2026-04-13T06:06:39.582919+00:00,2026-04-13T06:22:43.690875+00:00,CWC
d55b56b2-869b-4033-b973-1f4c982607e5,5f7e9d0f-e91b-4a78-92f9-37505fa5aa3d,2026-04-11,Seeds,"Microgreen, Cucumber seeds",877.94,,2026-04-13T06:28:38.081238+00:00,2026-04-13T06:28:58.003449+00:00,Johnny's
a484953a-9d75-4715-b7f1-9e7d278c28ab,5f7e9d0f-e91b-4a78-92f9-37505fa5aa3d,2026-04-06,Seeds,Wild Flowers,232.11,,2026-04-13T05:54:33.133674+00:00,2026-04-13T06:23:10.9951+00:00,American Meadows
f4955569-bf00-4002-a19a-ff921b5a251b,5f7e9d0f-e91b-4a78-92f9-37505fa5aa3d,2026-04-03,Equipment,Bugg Zappers,357.57,,2026-04-13T06:09:50.286949+00:00,2026-04-13T06:23:28.131222+00:00,Amazon
91d68282-79e8-43f4-b4c0-b24fca2f1e48,5f7e9d0f-e91b-4a78-92f9-37505fa5aa3d,2026-03-16,Other,"Pepper, Eggplant",836.82,,2026-04-13T05:59:12.362631+00:00,2026-04-13T06:03:05.317624+00:00,Cross Country Nurseries
2449aee8-304b-4349-9b57-253c861ed638,5f7e9d0f-e91b-4a78-92f9-37505fa5aa3d,2026-04-03,Equipment,T-Posts,869.54,,2026-04-13T06:14:17.807771+00:00,2026-04-13T06:23:01.595849+00:00,Home Depot
a850135c-2254-41f1-a360-1f0308e6c6f0,5f7e9d0f-e91b-4a78-92f9-37505fa5aa3d,2026-03-15,Supplies,Pest Repellant,16.31,,2026-04-13T06:01:46.371914+00:00,2026-04-13T06:16:48.183734+00:00,Home Depot
16988840-515d-4f52-a3ed-7b3362e39d12,5f7e9d0f-e91b-4a78-92f9-37505fa5aa3d,2026-02-26,Amendments,Sluggo,112.48,,2026-04-13T06:17:52.339252+00:00,2026-04-13T06:21:12.70042+00:00,Home Depot
b8c62613-96c7-42e3-9a3a-062761d0d092,5f7e9d0f-e91b-4a78-92f9-37505fa5aa3d,2026-01-11,Equipment,"Terllis Netting, Mold Spray, Scissors",226.3,,2026-04-13T01:52:30.126568+00:00,2026-04-13T01:52:30.126568+00:00,Home Depot
64772080-248b-433a-89a6-41f442bf7e60,5f7e9d0f-e91b-4a78-92f9-37505fa5aa3d,2026-01-10,Equipment,Tarp,110.0,,2026-04-13T01:52:30.254403+00:00,2026-04-13T01:52:30.254403+00:00,Amazon
b6223bec-e026-4040-946b-f595843985d5,5f7e9d0f-e91b-4a78-92f9-37505fa5aa3d,2026-01-15,Soil,Coco Coir,400.0,,2026-04-13T01:52:30.454454+00:00,2026-04-13T01:52:30.454454+00:00,Amazon
a5a23ae7-b565-49ec-87af-a50f910b65e3,5f7e9d0f-e91b-4a78-92f9-37505fa5aa3d,2026-01-15,Equipment,Pots,477.32,,2026-04-13T01:52:30.695517+00:00,2026-04-13T01:52:30.695517+00:00,Greenhouse Megastore
f54ca366-00ec-4f66-bdd8-06e89490bd06,5f7e9d0f-e91b-4a78-92f9-37505fa5aa3d,2026-01-17,Equipment,Equipment,29.69,,2026-04-13T01:52:30.767687+00:00,2026-04-13T01:52:30.767687+00:00,Home Depot
059a3a84-fae2-4460-ad4a-e0f88992cfee,5f7e9d0f-e91b-4a78-92f9-37505fa5aa3d,2026-01-22,Seeds,"Seeds for Understudy tomatoes, peppers",128.56,,2026-04-13T01:52:30.841244+00:00,2026-04-13T01:52:30.841244+00:00,Bakers Creek
f5f21a8c-96ee-4fc5-9c50-9fd11ae8bad0,5f7e9d0f-e91b-4a78-92f9-37505fa5aa3d,2026-02-03,Seeds,Pentas Seeds,164.62,,2026-04-13T01:52:30.912437+00:00,2026-04-13T01:52:30.912437+00:00,Swallowtail Garden Seeds
19a0bbd6-930d-42f6-8f3f-4a4e02e6e568,5f7e9d0f-e91b-4a78-92f9-37505fa5aa3d,2026-02-03,Equipment,Pots,289.37,,2026-04-13T01:52:30.996182+00:00,2026-04-13T01:52:30.996182+00:00,Greenhouse Megastore
c0905abc-95cc-4689-80fc-92ae26b87953,5f7e9d0f-e91b-4a78-92f9-37505fa5aa3d,2025-01-14,Soil,Coco Coir,209.02,,2026-04-13T01:52:31.08697+00:00,2026-04-13T01:52:31.08697+00:00,Amazon
00aeab60-250d-4ef5-9631-4fc8aaecb4c8,5f7e9d0f-e91b-4a78-92f9-37505fa5aa3d,2025-01-14,Soil,Perlite,84.02,,2026-04-13T01:52:31.173304+00:00,2026-04-13T01:52:31.173304+00:00,Amazon
1476f77c-9ec5-4fa7-887c-db46db243738,5f7e9d0f-e91b-4a78-92f9-37505fa5aa3d,2025-01-17,Seeds,Summer Seeds,104.5,,2026-04-13T01:52:31.252406+00:00,2026-04-13T01:52:31.252406+00:00,Bakers Creek Seeds
68565a9c-c390-46d1-aa07-6e613d176c17,5f7e9d0f-e91b-4a78-92f9-37505fa5aa3d,2025-01-17,Seeds,Summer Seeds,39.09,,2026-04-13T01:52:31.32766+00:00,2026-04-13T01:52:31.32766+00:00,Pepper Joes
a846b4d8-775d-4890-ad84-c695396a62c8,5f7e9d0f-e91b-4a78-92f9-37505fa5aa3d,2025-01-17,Seeds,Summer Seeds,7.13,,2026-04-13T01:52:31.397274+00:00,2026-04-13T01:52:31.397274+00:00,True Leaf Market
28a22092-066c-429e-a251-47261d5721a7,5f7e9d0f-e91b-4a78-92f9-37505fa5aa3d,2025-01-17,Plants,Morrel/Miatake Spores to grow @ farm,83.16,,2026-04-13T01:52:31.47124+00:00,2026-04-13T01:52:31.47124+00:00,North Spore
e6f93802-68b5-45b5-80ca-8f3edaa40681,5f7e9d0f-e91b-4a78-92f9-37505fa5aa3d,2025-01-17,Seeds,Seeds for more oxalis,136.45,,2026-04-13T01:52:31.535185+00:00,2026-04-13T01:52:31.535185+00:00,Etsy
c719a952-ba11-42df-899c-8791977bada9,5f7e9d0f-e91b-4a78-92f9-37505fa5aa3d,2025-01-18,Equipment,Water timers needed for farm,443.39,,2026-04-13T01:52:31.606962+00:00,2026-04-13T01:52:31.606962+00:00,Amazon
3b8c9be2-215f-40e9-9833-1694d3e5134c,5f7e9d0f-e91b-4a78-92f9-37505fa5aa3d,2025-01-21,Equipment,Grow bags for peppers / Starter for PRESS Tiller,50.62,,2026-04-13T01:52:31.766675+00:00,2026-04-13T01:52:31.766675+00:00,Amazon
89d3f7e9-b27e-4cd7-aa23-9569d3e4cae3,5f7e9d0f-e91b-4a78-92f9-37505fa5aa3d,2025-02-03,Equipment,Peppers/tomatoes need to stay @ 80 F when growing so mats are needed for growth,211.86,,2026-04-13T01:52:31.85537+00:00,2026-04-13T01:52:31.85537+00:00,Amazon
40509bf2-2c46-4610-aad9-9063b3dced52,5f7e9d0f-e91b-4a78-92f9-37505fa5aa3d,2025-02-06,Equipment,,138.56,,2026-04-13T01:52:31.960269+00:00,2026-04-13T01:52:31.960269+00:00,Amazon
1da459cf-2569-41d5-b94e-05e915316deb,5f7e9d0f-e91b-4a78-92f9-37505fa5aa3d,2025-02-06,Equipment,Drip Line for farm water irrigation,369.21,,2026-04-13T01:52:32.025403+00:00,2026-04-13T01:52:32.025403+00:00,Drip Depot
44cec31f-6bbf-4dbb-8747-5ed969ecc8f6,5f7e9d0f-e91b-4a78-92f9-37505fa5aa3d,2025-02-20,Equipment,Landscape Staples for the Farm,164.85,,2026-04-13T01:52:32.089521+00:00,2026-04-13T01:52:32.089521+00:00,Amazon
a8be76be-5981-48d0-aca1-35569f7ab9b8,5f7e9d0f-e91b-4a78-92f9-37505fa5aa3d,2025-02-25,Equipment,Seed and weeding equipment for the Farm,416.64,,2026-04-13T01:52:32.158507+00:00,2026-04-13T01:52:32.158507+00:00,Johnny's Seeds
bb091921-08ab-4fd9-9d75-17ce1559b91c,5f7e9d0f-e91b-4a78-92f9-37505fa5aa3d,2025-03-01,Equipment,"Drip Line for farm water irrigation, dripline and parts for Press raised beds",565.09,,2026-04-13T01:52:32.220448+00:00,2026-04-13T01:52:32.220448+00:00,Drip Depot
3d1481f9-94fe-4c9e-9b05-6b9c6a4e1bf3,5f7e9d0f-e91b-4a78-92f9-37505fa5aa3d,2025-03-01,Plants,Strawberry Crowns & Squash Seeds,268.84,,2026-04-13T01:52:32.286805+00:00,2026-04-13T01:52:32.286805+00:00,Johnny's Seeds
9324a096-6ecf-4a1d-94ad-07c08a765ed8,5f7e9d0f-e91b-4a78-92f9-37505fa5aa3d,2025-03-02,Equipment,"Roof vent openers for Farm Greenhouse, Retractable hose for Farm",202.53,,2026-04-13T01:52:32.356999+00:00,2026-04-13T01:52:32.356999+00:00,Amazon
3ae158b0-b790-4fcb-91b4-1a1ecc65f8a8,5f7e9d0f-e91b-4a78-92f9-37505fa5aa3d,2025-03-03,Soil,Coco Coir for seed starting mix,212.8,,2026-04-13T01:52:32.421885+00:00,2026-04-13T01:52:32.421885+00:00,Amazon
e0d4306f-2c6e-44de-bb64-073babeb241e,5f7e9d0f-e91b-4a78-92f9-37505fa5aa3d,2025-03-03,Equipment,Pots for Farms Annual Tomato Seedling Giveaway,18.14,,2026-04-13T01:52:32.490378+00:00,2026-04-13T01:52:32.490378+00:00,Amazon
c0519888-c388-47d9-b82f-8588500ce4bb,5f7e9d0f-e91b-4a78-92f9-37505fa5aa3d,2025-03-13,Equipment,"Various Tools, Equipment, and Supplies need for the Farm",948.73,,2026-04-13T01:52:32.564503+00:00,2026-04-13T01:52:32.564503+00:00,Amazon
5eff1b6f-536a-4995-a1a8-26fed6d7a27f,5f7e9d0f-e91b-4a78-92f9-37505fa5aa3d,2025-03-13,Seeds,Seeds for PRESS & Under-Study,156.83,,2026-04-13T01:52:32.64211+00:00,2026-04-13T01:52:32.64211+00:00,Baker Creek
6a4aab9c-21f2-41ad-a161-fa8e9a121c93,5f7e9d0f-e91b-4a78-92f9-37505fa5aa3d,2025-03-13,Amendments,"7.5, 5, 7.5 Organic Fertalizer",57.64,,2026-04-13T01:52:32.711621+00:00,2026-04-13T01:52:32.711621+00:00,Wilbur Ellis
98a1645a-236a-4d59-bbb6-1cc767ffaadf,5f7e9d0f-e91b-4a78-92f9-37505fa5aa3d,2025-03-14,Equipment,Trays & Pots for planting,295.04,,2026-04-13T01:52:32.777065+00:00,2026-04-13T01:52:32.777065+00:00,Greenhouse Megastore
9f3f22eb-2f01-4799-9869-4aca77c23275,5f7e9d0f-e91b-4a78-92f9-37505fa5aa3d,2025-03-16,Equipment,Seeder used for faster seeding of trays,94.0,,2026-04-13T01:52:32.847877+00:00,2026-04-13T01:52:32.847877+00:00,Japan Agri
9ba9a528-c1ca-41f7-8518-bca6171062e5,5f7e9d0f-e91b-4a78-92f9-37505fa5aa3d,2025-04-02,Equipment,Sink for washing greens and veg for restaurant,172.37,,2026-04-13T01:52:32.912625+00:00,2026-04-13T01:52:32.912625+00:00,Amazon
5e5b9402-7719-4c59-bcde-67cd785865a7,5f7e9d0f-e91b-4a78-92f9-37505fa5aa3d,2025-04-05,Equipment,Irrigation parts for field,137.48,,2026-04-13T01:52:33.064329+00:00,2026-04-13T01:52:33.064329+00:00,Drip Depot
7383dba8-10fe-4844-b378-fdf888f84fd8,5f7e9d0f-e91b-4a78-92f9-37505fa5aa3d,2025-04-05,Supplies,To prevent bugs and other pest from destroying veggies,149.37,,2026-04-13T01:52:33.162366+00:00,2026-04-13T01:52:33.162366+00:00,Amazon
7b340820-e496-470d-ad09-528bbf3b1caa,5f7e9d0f-e91b-4a78-92f9-37505fa5aa3d,2025-04-05,Equipment,Shade canopy for tomato field,341.5,,2026-04-13T01:52:33.260189+00:00,2026-04-13T01:52:33.260189+00:00,Amazon
0eb3c30f-9d87-47df-961f-dd98f74f846e,5f7e9d0f-e91b-4a78-92f9-37505fa5aa3d,2025-04-05,Amendments,For fertalizing veggies,107.7,,2026-04-13T01:52:33.334172+00:00,2026-04-13T01:52:33.334172+00:00,Amazon
1737a474-4e9a-472a-9cb5-3c2a1aa0b531,5f7e9d0f-e91b-4a78-92f9-37505fa5aa3d,2025-04-05,Soil,Coco Coir for seed starting mix,215.26,,2026-04-13T01:52:33.396403+00:00,2026-04-13T01:52:33.396403+00:00,Amazon
5411188b-d2f6-4202-8c74-0b2c9a460e97,5f7e9d0f-e91b-4a78-92f9-37505fa5aa3d,2025-04-19,Equipment,Various Tools need for the Farm,191.98,,2026-04-13T01:52:33.472882+00:00,2026-04-13T01:52:33.472882+00:00,Amazon
99c487b4-45cf-4135-9887-73ce5466884c,5f7e9d0f-e91b-4a78-92f9-37505fa5aa3d,2025-05-06,Soil,Shared between Press & Jacobsen payment staggers,300.0,,2026-04-13T01:52:33.547257+00:00,2026-04-13T01:52:33.547257+00:00,Napa Waste & Recycling
10cb6f0a-5ff9-4886-8f21-6efd3c293e6a,5f7e9d0f-e91b-4a78-92f9-37505fa5aa3d,2025-05-27,Equipment,Pots & Trays for greenhouse and farm,393.71,,2026-04-13T01:52:33.628204+00:00,2026-04-13T01:52:33.628204+00:00,Greenhouse Megastore
42d0728a-1e6f-4c09-a4bf-3b75f5bc08a9,5f7e9d0f-e91b-4a78-92f9-37505fa5aa3d,2025-06-19,Plants,"Peppers, Eggplant, Basil plant starts for farm",650.59,,2026-04-13T01:52:33.706464+00:00,2026-04-13T01:52:33.706464+00:00,Morning Sun Herb Farm
496d3d47-4cff-4db2-b9d9-6f62f5c8a5d9,5f7e9d0f-e91b-4a78-92f9-37505fa5aa3d,2025-07-10,Seeds,Seeds for Microgreens,748.5,,2026-04-13T01:52:33.789091+00:00,2026-04-13T01:52:33.789091+00:00,Johnny's Seeds
1f1ef935-97b3-4706-b3ce-3e2cdb7d178d,5f7e9d0f-e91b-4a78-92f9-37505fa5aa3d,2025-07-21,Plants,Plants & Gloves,175.74,,2026-04-13T01:52:33.860037+00:00,2026-04-13T01:52:33.860037+00:00,Home Depot
dcd97b94-46f9-4dd8-a2eb-d473c5e9afa6,5f7e9d0f-e91b-4a78-92f9-37505fa5aa3d,2025-07-25,Seeds,Ox Heart Carrot Seeds,95.41,,2026-04-13T01:52:33.922729+00:00,2026-04-13T01:52:33.922729+00:00,Seed Savers Exchange
b907879a-40f2-4947-9f6f-71861a757c0b,5f7e9d0f-e91b-4a78-92f9-37505fa5aa3d,2025-07-27,Plants,Society garlic plants,376.33,,2026-04-13T01:52:34.024364+00:00,2026-04-13T01:52:34.024364+00:00,Home Depot
629beb1d-3799-43cc-adfa-a7a73cea6382,5f7e9d0f-e91b-4a78-92f9-37505fa5aa3d,2025-08-01,Soil,Coco Coir for seed starting mix,271.48,,2026-04-13T01:52:34.09092+00:00,2026-04-13T01:52:34.09092+00:00,Amazon
12846236-17c6-465b-b8dc-4e43e150c544,5f7e9d0f-e91b-4a78-92f9-37505fa5aa3d,2025-08-15,Plants,Starts for Press planters,204.3,,2026-04-13T01:52:34.166843+00:00,2026-04-13T01:52:34.166843+00:00,Central Valley
45fc41f7-c416-4313-b64f-3ae52281a72f,5f7e9d0f-e91b-4a78-92f9-37505fa5aa3d,2025-08-16,Plants,Plants for Press planters boxes,374.66,,2026-04-13T01:52:34.289552+00:00,2026-04-13T01:52:34.289552+00:00,Van Winden
400f7434-6baa-4f71-9bd7-99b7a049f400,5f7e9d0f-e91b-4a78-92f9-37505fa5aa3d,2025-08-22,Equipment,Tools and shovels for farm,484.59,,2026-04-13T01:52:34.480253+00:00,2026-04-13T01:52:34.480253+00:00,Home Depot
1b0180a7-217b-4134-9bdc-34f383a5d892,5f7e9d0f-e91b-4a78-92f9-37505fa5aa3d,2025-08-22,Plants,Plants for Press planters boxes,344.88,,2026-04-13T01:52:34.663825+00:00,2026-04-13T01:52:34.663825+00:00,Van Winden
cccc8adc-5893-4b24-b8fc-7e35e7bf5d0c,5f7e9d0f-e91b-4a78-92f9-37505fa5aa3d,2025-08-23,Seeds,Seeds for Farm,142.62,,2026-04-13T01:52:34.769981+00:00,2026-04-13T01:52:34.769981+00:00,True Leaf Market
723962a4-5928-44f4-a706-09c20400fed4,5f7e9d0f-e91b-4a78-92f9-37505fa5aa3d,2025-08-30,Seeds,Seeds for Farm,152.79,,2026-04-13T01:52:34.873287+00:00,2026-04-13T01:52:34.873287+00:00,True Leaf Market
a7eae760-4402-412a-9bd1-5070522f9dea,5f7e9d0f-e91b-4a78-92f9-37505fa5aa3d,2025-09-19,Seeds,Seeds for Farm,231.18,,2026-04-13T01:52:34.985237+00:00,2026-04-13T01:52:34.985237+00:00,Seed Savers Exchange
6d7d7c48-5ffa-4bef-be69-84abe1ba9ef0,5f7e9d0f-e91b-4a78-92f9-37505fa5aa3d,2025-10-08,Seeds,Seeds for Farm,60.0,,2026-04-13T01:52:35.058096+00:00,2026-04-13T01:52:35.058096+00:00,Plant Good Seeds Company
4dd9b81d-fca9-4451-aa81-74f6c3748656,5f7e9d0f-e91b-4a78-92f9-37505fa5aa3d,2025-10-11,Plants,Plants for Farm,233.98,,2026-04-13T01:52:35.137179+00:00,2026-04-13T01:52:35.137179+00:00,Van Winden
3e79c166-f065-4211-899a-d76b9b59fb38,5f7e9d0f-e91b-4a78-92f9-37505fa5aa3d,2025-10-11,Equipment,Sand Bags for Farm,54.8,,2026-04-13T01:52:35.22641+00:00,2026-04-13T01:52:35.22641+00:00,Home Depot
b3fb55c7-f483-42af-a311-5ab8c67fa682,5f7e9d0f-e91b-4a78-92f9-37505fa5aa3d,2025-10-26,Software,Farm Planning Software,219.99,,2026-04-13T01:52:35.289807+00:00,2026-04-13T01:52:35.289807+00:00,Heirloom
d196e264-b255-4a74-b640-6df2fc25ca4a,5f7e9d0f-e91b-4a78-92f9-37505fa5aa3d,2025-10-27,Plants,Mushroom Spawn,72.32,,2026-04-13T01:52:35.357434+00:00,2026-04-13T01:52:35.357434+00:00,North Spore
9cdcd72a-9000-46c4-bf91-84ba6f9192a8,5f7e9d0f-e91b-4a78-92f9-37505fa5aa3d,2025-10-31,Seeds,Pepper Seeds,163.49,,2026-04-13T01:52:35.420151+00:00,2026-04-13T01:52:35.420151+00:00,Pepper Joes
0e88d64c-e01b-4062-92c7-1034efa35fa8,5f7e9d0f-e91b-4a78-92f9-37505fa5aa3d,2025-10-31,Seeds,Seeds for Spring Flowers,584.73,,2026-04-13T01:52:35.491444+00:00,2026-04-13T01:52:35.491444+00:00,Johnny's Seeds
620567d8-574b-4244-8054-6807999febc2,5f7e9d0f-e91b-4a78-92f9-37505fa5aa3d,2025-11-01,Seeds,Seeds for Farm,386.74,,2026-04-13T01:52:35.556033+00:00,2026-04-13T01:52:35.556033+00:00,Baker Creek
7f7c9f48-d345-4881-b370-22ec28b6fcaf,5f7e9d0f-e91b-4a78-92f9-37505fa5aa3d,2025-11-02,Equipment,Farm Hand Tools,153.15,,2026-04-13T01:52:35.663414+00:00,2026-04-13T01:52:35.663414+00:00,Home Depot
0d5bd624-56c8-4075-b6ba-f1efa1a2374b,5f7e9d0f-e91b-4a78-92f9-37505fa5aa3d,2025-11-09,Equipment,"Sand Bags for Farm, Crop Protection",399.05,,2026-04-13T01:52:35.76931+00:00,2026-04-13T01:52:35.76931+00:00,Home Depot
5975f035-efa7-4684-b708-6dcc988d2277,5f7e9d0f-e91b-4a78-92f9-37505fa5aa3d,2025-11-09,Equipment,Sand Paper,41.02,,2026-04-13T01:52:35.894726+00:00,2026-04-13T01:52:35.894726+00:00,Home Depot
6025e063-ed68-40e6-9324-a31046441b8e,5f7e9d0f-e91b-4a78-92f9-37505fa5aa3d,2025-11-15,Equipment,Sluggo,59.14,,2026-04-13T01:52:35.958149+00:00,2026-04-13T01:52:35.958149+00:00,Home Depot
d8498795-10e0-45e8-8f2d-6ec4d6bf9f95,5f7e9d0f-e91b-4a78-92f9-37505fa5aa3d,2025-11-15,Equipment,Diatomaceous Earth,29.29,,2026-04-13T01:52:36.023082+00:00,2026-04-13T01:52:36.023082+00:00,Home Depot
3ddd72e5-dd12-4bc8-93fe-faa1d09dc22c,5f7e9d0f-e91b-4a78-92f9-37505fa5aa3d,2025-11-20,Seeds,Tomatoes,125.09,,2026-04-13T01:52:36.095601+00:00,2026-04-13T01:52:36.095601+00:00,True Leaf Market
db5f558f-7a4f-4965-a17a-4120deafbe58,5f7e9d0f-e91b-4a78-92f9-37505fa5aa3d,2025-11-20,Seeds,Ox Heart Carrots,258.93,,2026-04-13T01:52:36.166994+00:00,2026-04-13T01:52:36.166994+00:00,Seed Savers Exchange
14d8f700-c9d7-4b0e-a448-498ff267d643,5f7e9d0f-e91b-4a78-92f9-37505fa5aa3d,2025-11-20,Seeds,Seeds,1093.77,,2026-04-13T01:52:36.237204+00:00,2026-04-13T01:52:36.237204+00:00,Johnnys
18879032-df20-40e1-b5cc-8e95bb0e62b0,5f7e9d0f-e91b-4a78-92f9-37505fa5aa3d,2025-11-20,Supplies,Worms,180.4,,2026-04-13T01:52:36.307077+00:00,2026-04-13T01:52:36.307077+00:00,Uncle Jims Worm Farm
2d0fee65-e94c-4a21-aeee-5df9e988e5c2,5f7e9d0f-e91b-4a78-92f9-37505fa5aa3d,2025-11-22,Soil,Coco Coir for seed starting mix,92.56,,2026-04-13T01:52:36.3767+00:00,2026-04-13T01:52:36.3767+00:00,True Leaf Market
0f70332e-b186-42e0-a83d-4d775b489b9e,5f7e9d0f-e91b-4a78-92f9-37505fa5aa3d,2025-11-24,Plants,Tulip Bulbs massive sale $500 off normal price,172.81,,2026-04-13T01:52:36.449323+00:00,2026-04-13T01:52:36.449323+00:00,Holland Bulb Farms
eb69318a-b77a-47d3-9796-49c339f74cbc,5f7e9d0f-e91b-4a78-92f9-37505fa5aa3d,2025-12-19,Equipment,Power strips & extention cords for greenhouse,97.82,,2026-04-13T01:52:36.515527+00:00,2026-04-13T01:52:36.515527+00:00,Home Depot
b05576fb-c8f8-4321-841a-dc33b8d94f88,5f7e9d0f-e91b-4a78-92f9-37505fa5aa3d,2025-12-20,Software,Software for farm planning,45.5,,2026-04-13T01:52:36.595083+00:00,2026-04-13T01:52:36.595083+00:00,Tend
9242d2c1-750c-4c5c-9837-3f96cde06fa6,5f7e9d0f-e91b-4a78-92f9-37505fa5aa3d,2025-12-22,Supplies,PVC Glue,10.1,,2026-04-13T01:52:36.66767+00:00,2026-04-13T01:52:36.66767+00:00,Central Valley
c9947c32-40b4-4026-9179-96f6abf67bd1,5f7e9d0f-e91b-4a78-92f9-37505fa5aa3d,2025-12-27,Equipment,Farm Equipment,102.01,,2026-04-13T01:52:36.732161+00:00,2026-04-13T01:52:36.732161+00:00,Home Depot
8164e8b6-4b0a-4091-904e-1d7f0fa65536,5f7e9d0f-e91b-4a78-92f9-37505fa5aa3d,2025-12-27,Equipment,Farm Equipment,401.29,,2026-04-13T01:52:36.800034+00:00,2026-04-13T01:52:36.800034+00:00,Home Depot
3a6d6a0c-c0f3-444a-a36b-ed645b46764a,5f7e9d0f-e91b-4a78-92f9-37505fa5aa3d,2025-12-29,Equipment,Farm Equipment,136.97,,2026-04-13T01:52:36.866198+00:00,2026-04-13T01:52:36.866198+00:00,Home Depot
a14af1cf-6f35-4da9-b9c5-bea53ba53ab5,5f7e9d0f-e91b-4a78-92f9-37505fa5aa3d,2025-12-29,Plants,Plants for Farm,133.07,,2026-04-13T01:52:36.986497+00:00,2026-04-13T01:52:36.986497+00:00,Van Winden
b6622b53-7ca0-462c-9edb-d1d59ea95e5c,5f7e9d0f-e91b-4a78-92f9-37505fa5aa3d,2025-12-30,Seeds,Spring seeds,223.78,,2026-04-13T01:52:37.078176+00:00,2026-04-13T01:52:37.078176+00:00,Johnny's Seeds
e029fbd6-5e35-4da6-a201-c4bbbf37f563,5f7e9d0f-e91b-4a78-92f9-37505fa5aa3d,2024-06-14,Seeds,Seeds,87.5,,2026-04-13T01:52:37.196552+00:00,2026-04-13T01:52:37.196552+00:00,Johnny's Seeds
7b161b8b-a559-46ce-87bf-6fd5bff9a8bf,5f7e9d0f-e91b-4a78-92f9-37505fa5aa3d,2024-06-22,Seeds,Seeds,561.53,,2026-04-13T01:52:37.27312+00:00,2026-04-13T01:52:37.27312+00:00,Johnny's Seeds
2db1a886-08f4-41dc-ba08-a80f98d7a02b,5f7e9d0f-e91b-4a78-92f9-37505fa5aa3d,2024-06-28,Soil,Soil,509.56,,2026-04-13T01:52:37.343608+00:00,2026-04-13T01:52:37.343608+00:00,Home Depot
bc6303c2-bd8e-4c44-8fba-7c90769ad154,5f7e9d0f-e91b-4a78-92f9-37505fa5aa3d,2024-06-28,Supplies,Farm Supplies,20.38,,2026-04-13T01:52:37.410534+00:00,2026-04-13T01:52:37.410534+00:00,Home Depot
26b632c4-c190-41e8-b058-956625d566a0,5f7e9d0f-e91b-4a78-92f9-37505fa5aa3d,2024-06-29,Equipment,Outdoor Supplies,1292.97,,2026-04-13T01:52:37.48682+00:00,2026-04-13T01:52:37.48682+00:00,Amazon
c155d598-f9d0-437a-9d7e-0d56b1324973,5f7e9d0f-e91b-4a78-92f9-37505fa5aa3d,2024-06-29,Equipment,Outdoor Cabinets,273.36,,2026-04-13T01:52:37.567319+00:00,2026-04-13T01:52:37.567319+00:00,Amazon
532f4f14-224b-4672-84a4-751eb2e1b7ea,5f7e9d0f-e91b-4a78-92f9-37505fa5aa3d,2024-06-29,Equipment,Harvest Cart,176.49,,2026-04-13T01:52:37.653174+00:00,2026-04-13T01:52:37.653174+00:00,Amazon
d27a041e-3d6b-4bdd-a5fc-7d80e926c4b8,5f7e9d0f-e91b-4a78-92f9-37505fa5aa3d,2024-07-06,Seeds,Seeds,23.74,,2026-04-13T01:52:37.852338+00:00,2026-04-13T01:52:37.852338+00:00,Greenhouse Megastore
6685305e-e9b5-45c4-8a6d-96ac40f6e6fb,5f7e9d0f-e91b-4a78-92f9-37505fa5aa3d,2024-07-06,Seeds,Seeds,124.45,,2026-04-13T01:52:37.926183+00:00,2026-04-13T01:52:37.926183+00:00,Johnny's Seeds
be62013d-211f-41ab-b45d-2f2e7522c989,5f7e9d0f-e91b-4a78-92f9-37505fa5aa3d,2024-07-06,Seeds,Seeds,238.48,,2026-04-13T01:52:38.00816+00:00,2026-04-13T01:52:38.00816+00:00,Johnny's Seeds
c092c4a3-700e-4164-be67-b86d2d538528,5f7e9d0f-e91b-4a78-92f9-37505fa5aa3d,2024-07-07,Amendments,Hydrogen Peroxide,147.47,,2026-04-13T01:52:38.09518+00:00,2026-04-13T01:52:38.09518+00:00,Lab Alley
6776fec3-da9a-4b80-8440-cab67fa62a6d,5f7e9d0f-e91b-4a78-92f9-37505fa5aa3d,2024-07-15,Seeds,Seeds,210.06,,2026-04-13T01:52:38.160074+00:00,2026-04-13T01:52:38.160074+00:00,True Leaf Market
6e946e0c-a655-4559-a9cb-75103aae9542,5f7e9d0f-e91b-4a78-92f9-37505fa5aa3d,2024-07-21,Amendments,Fertilizer,268.68,,2026-04-13T01:52:38.297709+00:00,2026-04-13T01:52:38.297709+00:00,Amazon
625eb541-36e6-4e88-959c-28ea49768574,5f7e9d0f-e91b-4a78-92f9-37505fa5aa3d,2024-08-07,Seeds,Seeds,151.53,,2026-04-13T01:52:38.396104+00:00,2026-04-13T01:52:38.396104+00:00,True Leaf Market
8a13a180-cfd1-40be-9b26-4de725766490,5f7e9d0f-e91b-4a78-92f9-37505fa5aa3d,2024-08-08,Seeds,Seeds,35.0,,2026-04-13T01:52:38.497361+00:00,2026-04-13T01:52:38.497361+00:00,Bakers Creek Seeds
8346ea71-d08f-4e57-9217-f998445f9db4,5f7e9d0f-e91b-4a78-92f9-37505fa5aa3d,2024-08-21,Supplies,Microgreen Trays W/ Holes,294.13,,2026-04-13T01:52:38.575962+00:00,2026-04-13T01:52:38.575962+00:00,True Leaf Market
916ad888-da65-4706-8e40-b2f8950a1ac9,5f7e9d0f-e91b-4a78-92f9-37505fa5aa3d,2024-09-30,Equipment,Equipment,427.0,,2026-04-13T01:52:38.645748+00:00,2026-04-13T01:52:38.645748+00:00,Home Depot
63313d51-0db1-4d38-9c06-fcad2d51dd48,5f7e9d0f-e91b-4a78-92f9-37505fa5aa3d,2024-10-01,Seeds,Seeds,70.0,,2026-04-13T01:52:38.708709+00:00,2026-04-13T01:52:38.708709+00:00,Bakers Creek Seeds
447d732b-e79f-4ff9-b79d-d578c6c093dd,5f7e9d0f-e91b-4a78-92f9-37505fa5aa3d,2024-10-07,Equipment,Watering Timers,145.0,,2026-04-13T01:52:38.776241+00:00,2026-04-13T01:52:38.776241+00:00,Amazon
e26e893f-5f61-4ffa-b92e-c3f459391b4b,5f7e9d0f-e91b-4a78-92f9-37505fa5aa3d,2024-10-10,Seeds,Early 2024 Seeds,137.48,,2026-04-13T01:52:38.849339+00:00,2026-04-13T01:52:38.849339+00:00,Johnny's Seeds
fc1735e7-3468-469e-8308-8224d9dcd9e7,5f7e9d0f-e91b-4a78-92f9-37505fa5aa3d,2024-10-12,Soil,Compost,300.0,,2026-04-13T01:52:38.924949+00:00,2026-04-13T01:52:38.924949+00:00,Napa Waste & Recycling
129452f9-65f5-4fd2-868a-825600fbf683,5f7e9d0f-e91b-4a78-92f9-37505fa5aa3d,2024-10-13,Equipment,Gopher Traps,42.26,,2026-04-13T01:52:38.997863+00:00,2026-04-13T01:52:38.997863+00:00,Amazon
efcfec6e-d638-47b3-b30b-0aaac6ec38d5,5f7e9d0f-e91b-4a78-92f9-37505fa5aa3d,2024-11-19,Equipment,Equipment,223.48,,2026-04-13T01:52:39.073252+00:00,2026-04-13T01:52:39.073252+00:00,Amazon
5b659435-eb5c-4435-a4bc-fc03aa64776e,5f7e9d0f-e91b-4a78-92f9-37505fa5aa3d,2024-11-19,Equipment,Irrigation Equipment,387.7,,2026-04-13T01:52:39.169038+00:00,2026-04-13T01:52:39.169038+00:00,Drip Depot
b26a7890-52c7-4d49-9a55-dfaaa8696658,5f7e9d0f-e91b-4a78-92f9-37505fa5aa3d,2024-12-03,Seeds,Spring seeds,171.49,,2026-04-13T01:52:39.242674+00:00,2026-04-13T01:52:39.242674+00:00,Johnny's Seeds
50195f04-ff4c-4da1-926d-7c31587bbf8f,5f7e9d0f-e91b-4a78-92f9-37505fa5aa3d,2024-12-18,Equipment,Irrigation Equipment,196.48,,2026-04-13T01:52:39.311769+00:00,2026-04-13T01:52:39.311769+00:00,Drip Depot
65601827-7ee9-49f1-98f0-89e98fe78759,5f7e9d0f-e91b-4a78-92f9-37505fa5aa3d,2024-12-18,Seeds,Spring seeds,232.74,,2026-04-13T01:52:39.397718+00:00,2026-04-13T01:52:39.397718+00:00,True Leaf Market
04afe1ce-208b-4c15-8e0f-c91534598468,5f7e9d0f-e91b-4a78-92f9-37505fa5aa3d,2024-12-18,Seeds,Spring seeds,204.18,,2026-04-13T01:52:39.478613+00:00,2026-04-13T01:52:39.478613+00:00,Bakers Creek Seeds
ed3d5d9c-2c93-4974-a78d-865ee181ad7f,5f7e9d0f-e91b-4a78-92f9-37505fa5aa3d,2026-02-28,Equipment,Green house lights,581.68,,2026-04-13T06:20:44.08352+00:00,2026-04-13T06:24:05.965142+00:00,Amazon
bf4a001e-e4ec-4110-80f0-f1a17cf514c4,5f7e9d0f-e91b-4a78-92f9-37505fa5aa3d,2025-08-01,Equipment,Honey Extractor,409.44,,2026-04-13T06:02:13.881398+00:00,2026-04-24T18:26:56.384958+00:00,Mann Lake
