month_2026,item,category,unit,month_total_2025,weeks_delivered,farm_weeks,weekly_avg,bring_weekly,frequency,month_revenue
August,Tomatoes,Fruit & Veg,lbs,290,4,4,72.5,73,weekly staple,1395
August,Basil,Herbs & Leaves,LG,67,4,4,16.8,17,weekly staple,1356
August,Nasturtium,Herbs & Leaves,each,3670,4,4,917.5,918,weekly staple,1285
August,Cucumber Leaf (1 in),Herbs & Leaves,LG,66,3,4,16.5,17,weekly staple,990
August,Squash,Herbs & Leaves,box,13,3,4,3.2,4,weekly staple,624
August,Squash,Herbs & Leaves,LG,26,3,4,6.5,7,weekly staple,590
August,Anise Hyssop,Micros & Leaves,LG,35,4,4,8.8,9,weekly staple,525
August,Marigold,Flowers,SM,42,4,4,10.5,11,weekly staple,509
August,Passionfruit,Fruit & Veg,lbs,115,3,4,28.8,29,weekly staple,460
August,Basil,Herbs & Leaves,SM,33,3,4,8.2,9,weekly staple,396
August,Mint,Herbs & Leaves,LG,25,3,4,6.2,7,weekly staple,305
August,Egyptian Starflower,Flowers,SM,23,4,4,5.8,6,weekly staple,276
August,Zinnias,Flowers,LG,17,3,4,4.2,5,weekly staple,255
August,Beans,Fruit & Veg,SM,17,3,4,4.2,5,weekly staple,255
August,Eggplant,Fruit & Veg,each,66,3,4,16.5,17,weekly staple,198
August,Amaranth,Micros & Leaves,LG,12,3,4,3.0,3,weekly staple,180
August,Fennel,Micros & Leaves,LG,13,4,4,3.2,4,weekly staple,165
August,Society Garlic,Flowers,LG,8,4,4,2.0,2,weekly staple,160
August,Forget-Me-Nots,Flowers,SM,12,4,4,3.0,3,weekly staple,144
August,New Zealand Spinach,Fruit & Veg,LG,7,3,4,1.8,2,weekly staple,105
August,Marigold,Flowers,LG,8,3,4,2.0,2,weekly staple,96
August,Shiso,Herbs & Leaves,LG,4,3,4,1.0,1,weekly staple,60
August,Carrots,Fruit & Veg,LG,5,3,4,1.2,2,weekly staple,50
August,Peppers,Fruit & Veg,lbs,60,2,4,15.0,15,most weeks,600
August,Figs,Fruit & Veg,lbs,62,2,4,15.5,16,most weeks,372
August,Eggplant,Fruit & Veg,lbs,34.5,2,4,8.6,9,most weeks,276
August,Grapes,Fruit & Veg,lbs,36,2,4,9.0,9,most weeks,180
August,Tomatoes,Fruit & Veg,LG,15,2,4,3.8,4,most weeks,150
August,Squash Tendril,Micros & Leaves,LG,10,2,4,2.5,3,most weeks,150
August,Cosmos,Flowers,LG,8,2,4,2.0,2,most weeks,96
August,Aptenia,Herbs & Leaves,LG,4,2,4,1.0,1,most weeks,60
August,Alyssum,Flowers,SM,5,2,4,1.2,2,most weeks,30
August,Lavender,Herbs & Leaves,each,1000,1,4,250.0,one-off: 1000 total,occasional,100
August,Quince,Fruit & Veg,each,14,1,4,3.5,one-off: 14 total,occasional,90
August,Yarrow,Flowers,LG,5,1,4,1.2,one-off: 5 total,occasional,75
August,Peaches,Fruit & Veg,lbs,10,1,4,2.5,one-off: 10 total,occasional,50
August,Blackberries,Fruit & Veg,LG,2,1,4,0.5,one-off: 2 total,occasional,48
August,Black Eyed Susans,Flowers,LG,2,1,4,0.5,one-off: 2 total,occasional,30
August,Shiso,Herbs & Leaves,SM,2,1,4,0.5,one-off: 2 total,occasional,24
August,Bay Leaf,Herbs & Leaves,LG,1,1,4,0.2,one-off: 1 total,occasional,20
August,Field Pea Tendrils,Herbs & Leaves,LG,1,1,4,0.2,one-off: 1 total,occasional,12
August,Apple,Fruit & Veg,each,8,1,4,2.0,one-off: 8 total,occasional,11
September,Basil,Herbs & Leaves,LG,109,5,5,21.8,22,weekly staple,2196
September,Squash,Herbs & Leaves,box,36,5,5,7.2,8,weekly staple,1728
September,Nasturtium,Herbs & Leaves,each,4620,5,5,924.0,924,weekly staple,1617
September,Anise Hyssop,Micros & Leaves,LG,82.5,5,5,16.5,17,weekly staple,1238
September,Figs,Fruit & Veg,lbs,165,5,5,33.0,33,weekly staple,990
September,Marigold,Flowers,SM,68,5,5,13.6,14,weekly staple,892
September,Squash,Herbs & Leaves,LG,25,5,5,5.0,5,weekly staple,625
September,Passionfruit,Fruit & Veg,lbs,155,5,5,31.0,31,weekly staple,620
September,Basil,Herbs & Leaves,SM,42,4,5,8.4,9,weekly staple,504
September,Beans,Fruit & Veg,SM,31,4,5,6.2,7,weekly staple,465
September,Egyptian Starflower,Flowers,SM,32,5,5,6.4,7,weekly staple,384
September,Zinnias,Flowers,LG,24,4,5,4.8,5,weekly staple,360
September,Marigold,Flowers,LG,22,5,5,4.4,5,weekly staple,264
September,Cucumber Leaf (1 in),Herbs & Leaves,LG,14,4,5,2.8,3,weekly staple,210
September,Mint,Herbs & Leaves,LG,12,4,5,2.4,3,weekly staple,130
September,Shiso,Herbs & Leaves,SM,10,5,5,2.0,2,weekly staple,120
September,Alyssum,Flowers,SM,10,4,5,2.0,2,weekly staple,60
September,Peppers,Fruit & Veg,lbs,350,3,5,70.0,70,most weeks,3500
September,Tomatoes,Fruit & Veg,lbs,375,3,5,75.0,75,most weeks,1725
September,Shiso,Herbs & Leaves,LG,39,3,5,7.8,8,most weeks,585
September,Tomatoes,Fruit & Veg,LG,55,2,5,11.0,11,most weeks,550
September,Evergreen Branches,Herbs & Leaves,box,21,3,5,4.2,5,most weeks,420
September,Carrots,Fruit & Veg,LG,12.5,2,5,2.5,3,most weeks,283
September,Amaranth,Micros & Leaves,LG,14,2,5,2.8,3,most weeks,210
September,Society Garlic,Flowers,LG,8.5,3,5,1.7,2,most weeks,170
September,Cosmos,Flowers,LG,14,3,5,2.8,3,most weeks,168
September,Fennel,Micros & Leaves,LG,11,3,5,2.2,3,most weeks,165
September,Eggplant,Fruit & Veg,lbs,20,2,5,4.0,4,most weeks,160
September,Eggplant,Fruit & Veg,each,41,3,5,8.2,9,most weeks,123
September,Black Eyed Susans,Flowers,LG,8,2,5,1.6,2,most weeks,120
September,Quince,Fruit & Veg,each,18,3,5,3.6,4,most weeks,115
September,Yarrow,Flowers,LG,7,2,5,1.4,2,most weeks,105
September,Field Pea Tendrils,Herbs & Leaves,LG,8,3,5,1.6,2,most weeks,96
September,Rosemary,Herbs & Leaves,each,400,2,5,80.0,80,most weeks,80
September,New Zealand Spinach,Fruit & Veg,LG,3,3,5,0.6,1,most weeks,45
September,Aptenia,Herbs & Leaves,LG,2,2,5,0.4,1,most weeks,30
September,Radish,Flowers,LG,10,1,5,2.0,one-off: 10 total,occasional,250
September,Figs,Fruit & Veg,LG,10,1,5,2.0,one-off: 10 total,occasional,250
September,Peaches,Fruit & Veg,lbs,20,1,5,4.0,one-off: 20 total,occasional,100
September,Squash Tendril,Micros & Leaves,LG,6,1,5,1.2,one-off: 6 total,occasional,90
September,Olive,Herbs & Leaves,box,3,1,5,0.6,one-off: 3 total,occasional,60
September,Wormwood,Herbs & Leaves,LG,1,1,5,0.2,one-off: 1 total,occasional,40
September,Bay Leaf,Herbs & Leaves,LG,2,1,5,0.4,one-off: 2 total,occasional,40
September,Pears,Fruit & Veg,lbs,30,1,5,6.0,one-off: 30 total,occasional,38
September,Radish,Flowers,SM,3,1,5,0.6,one-off: 3 total,occasional,30
September,Thyme,Flowers,LG,2,1,5,0.4,one-off: 2 total,occasional,24
September,Forget-Me-Nots,Flowers,SM,2,1,5,0.4,one-off: 2 total,occasional,24
September,Kale,Herbs & Leaves,LG,1,1,5,0.2,one-off: 1 total,occasional,20
September,Tarragon,Herbs & Leaves,LG,1,1,5,0.2,one-off: 1 total,occasional,12
October,Nasturtium,Herbs & Leaves,each,2960,5,5,592.0,592,weekly staple,1036
October,Anise Hyssop,Micros & Leaves,LG,58,4,5,11.6,12,weekly staple,870
October,Carrots,Fruit & Veg,LG,18,5,5,3.6,4,weekly staple,385
October,Marigold,Flowers,SM,28,5,5,5.6,6,weekly staple,359
October,New Zealand Spinach,Fruit & Veg,LG,20,5,5,4.0,4,weekly staple,300
October,Society Garlic,Flowers,LG,4.5,4,5,0.9,1,weekly staple,90
October,Forget-Me-Nots,Flowers,SM,75,2,5,15.0,15,most weeks,900
October,Radish,Flowers,LG,24,3,5,4.8,5,most weeks,600
October,Figs,Fruit & Veg,lbs,90,3,5,18.0,18,most weeks,540
October,Mustard Flowers,Flowers,LG,21,3,5,4.2,5,most weeks,412
October,Beans,Fruit & Veg,LG,17,3,5,3.4,4,most weeks,204
October,Egyptian Starflower,Flowers,SM,15,3,5,3.0,3,most weeks,180
October,Rose Geranium,Flowers,LG,11,2,5,2.2,3,most weeks,176
October,Alyssum,Flowers,SM,29,3,5,5.8,6,most weeks,174
October,Basil,Herbs & Leaves,SM,11,3,5,2.2,3,most weeks,132
October,Zinnias,Flowers,LG,6,3,5,1.2,2,most weeks,90
October,Beans,Fruit & Veg,SM,6,2,5,1.2,2,most weeks,90
October,Basil,Herbs & Leaves,LG,5,3,5,1.0,1,most weeks,60
October,Marigold,Flowers,LG,5,3,5,1.0,1,most weeks,60
October,Mint,Herbs & Leaves,LG,5,3,5,1.0,1,most weeks,50
October,Field Pea Tendrils,Herbs & Leaves,LG,4,2,5,0.8,1,most weeks,48
October,Aptenia,Herbs & Leaves,LG,2,2,5,0.4,1,most weeks,30
October,Radish,Flowers,SM,2,2,5,0.4,1,most weeks,20
October,Carrots,Fruit & Veg,each,247,1,5,49.4,one-off: 247 total,occasional,865
October,Persimmon,Fruit & Veg,each,49,1,5,9.8,one-off: 49 total,occasional,184
October,Figs,Fruit & Veg,LG,5,1,5,1.0,one-off: 5 total,occasional,125
October,Squash,Herbs & Leaves,box,2,1,5,0.4,one-off: 2 total,occasional,96
October,Mustard Flowers,Flowers,lbs,10,1,5,2.0,one-off: 10 total,occasional,80
October,Samples,Herbs & Leaves,LG,6,1,5,1.2,one-off: 6 total,occasional,72
October,Kale,Herbs & Leaves,LG,3,1,5,0.6,one-off: 3 total,occasional,60
October,Cauliflower,Fruit & Veg,LG,2,1,5,0.4,one-off: 2 total,occasional,40
October,Mustard Leaves,Herbs & Leaves,LG,2,1,5,0.4,one-off: 2 total,occasional,39
October,Fennel,Micros & Leaves,LG,2,1,5,0.4,one-off: 2 total,occasional,30
October,Squash,Herbs & Leaves,LG,1,1,5,0.2,one-off: 1 total,occasional,25
October,Evergreen Branches,Herbs & Leaves,box,1,1,5,0.2,one-off: 1 total,occasional,20
October,Brassica,Herbs & Leaves,LG,1,1,5,0.2,one-off: 1 total,occasional,20
October,Rosemary,Herbs & Leaves,each,100,1,5,20.0,one-off: 100 total,occasional,20
October,Yarrow,Flowers,LG,1,1,5,0.2,one-off: 1 total,occasional,15
October,Cucumber Leaf (1 in),Herbs & Leaves,LG,1,1,5,0.2,one-off: 1 total,occasional,15
October,Shiso,Herbs & Leaves,SM,1,1,5,0.2,one-off: 1 total,occasional,12
October,Sage,Herbs & Leaves,LG,1,1,5,0.2,one-off: 1 total,occasional,12
November,Radish,Flowers,LG,34,4,5,6.8,7,weekly staple,850
November,Nasturtium,Herbs & Leaves,each,1975,5,5,395.0,395,weekly staple,691
November,Kale,Herbs & Leaves,LG,34,5,5,6.8,7,weekly staple,680
November,Mustard Flowers,Flowers,LG,30.5,4,5,6.1,7,weekly staple,602
November,Aptenia,Herbs & Leaves,LG,29,4,5,5.8,6,weekly staple,435
November,Alyssum,Flowers,SM,39,5,5,7.8,8,weekly staple,234
November,Marigold,Flowers,SM,17,4,5,3.4,4,weekly staple,182
November,Beans,Fruit & Veg,LG,12,4,5,2.4,3,weekly staple,144
November,Carrots,Fruit & Veg,LG,7,5,5,1.4,2,weekly staple,84
November,Radish,Flowers,SM,8,4,5,1.6,2,weekly staple,80
November,Cauliflower,Fruit & Veg,LG,133,3,5,26.6,27,most weeks,2660
November,Carrots,Fruit & Veg,each,125,2,5,25.0,25,most weeks,438
November,New Zealand Spinach,Fruit & Veg,LG,8.5,2,5,1.7,2,most weeks,128
November,Broccoli,Fruit & Veg,LG,6,2,5,1.2,2,most weeks,113
November,Buckwheat,Flowers,SM,9,2,5,1.8,2,most weeks,90
November,Egyptian Starflower,Flowers,SM,6,3,5,1.2,2,most weeks,72
November,Rosemary,Herbs & Leaves,each,350,3,5,70.0,70,most weeks,70
November,Sorrel,Flowers,LG,2,2,5,0.4,1,most weeks,60
November,Mint,Herbs & Leaves,LG,4.5,2,5,0.9,1,most weeks,58
November,Field Pea Tendrils,Herbs & Leaves,LG,4,3,5,0.8,1,most weeks,48
November,Zinnias,Flowers,LG,3,2,5,0.6,1,most weeks,45
November,Cress,Micros & Leaves,LG,3,2,5,0.6,1,most weeks,45
November,Evergreen Branches,Herbs & Leaves,box,2,2,5,0.4,1,most weeks,40
November,Fennel,Micros & Leaves,LG,2.5,2,5,0.5,1,most weeks,38
November,Marigold,Flowers,LG,3,3,5,0.6,1,most weeks,36
November,Forget-Me-Nots,Flowers,SM,2,2,5,0.4,1,most weeks,24
November,Turnip - Leaves,Herbs & Leaves,LG,100,1,5,20.0,one-off: 100 total,occasional,2500
November,Persimmon,Fruit & Veg,each,545,1,5,109.0,one-off: 545 total,occasional,2044
November,Cabbage,Herbs & Leaves,LG,20,1,5,4.0,one-off: 20 total,occasional,300
November,Anise Hyssop,Micros & Leaves,LG,8,1,5,1.6,one-off: 8 total,occasional,120
November,Samples,Herbs & Leaves,LG,6,1,5,1.2,one-off: 6 total,occasional,72
November,Bay Leaf,Herbs & Leaves,LG,2,1,5,0.4,one-off: 2 total,occasional,40
November,Society Garlic,Flowers,LG,1,1,5,0.2,one-off: 1 total,occasional,20
November,Chrysanthemum,Herbs & Leaves,LG,1,1,5,0.2,one-off: 1 total,occasional,18
November,Chickweed,Herbs & Leaves,LG,1,1,5,0.2,one-off: 1 total,occasional,12
November,Oxalis Flowers,Flowers,SM,2,1,5,0.4,one-off: 2 total,occasional,12
November,Sorrel,Flowers,SM,1,1,5,0.2,one-off: 1 total,occasional,6
December,Nasturtium,Herbs & Leaves,each,3760,5,5,752.0,752,weekly staple,1316
December,Mustard Flowers,Flowers,LG,41,5,5,8.2,9,weekly staple,780
December,Radish,Flowers,LG,26,4,5,5.2,6,weekly staple,650
December,Cauliflower,Fruit & Veg,LG,29,4,5,5.8,6,weekly staple,580
December,Kale,Herbs & Leaves,LG,16,4,5,3.2,4,weekly staple,320
December,Cress,Micros & Leaves,LG,10,4,5,2.0,2,weekly staple,150
December,Mint,Herbs & Leaves,LG,7,4,5,1.4,2,weekly staple,80
December,Oxalis Flowers,Flowers,SM,11,4,5,2.2,3,weekly staple,66
December,Aptenia,Herbs & Leaves,LG,14,3,5,2.8,3,most weeks,210
December,Alyssum,Flowers,SM,33,3,5,6.6,7,most weeks,198
December,Passionfruit,Fruit & Veg,LG,12,2,5,2.4,3,most weeks,144
December,Chrysanthemum,Herbs & Leaves,LG,5,3,5,1.0,1,most weeks,90
December,Forget-Me-Nots,Flowers,SM,7,3,5,1.4,2,most weeks,84
December,Broccoli,Fruit & Veg,LG,4,3,5,0.8,1,most weeks,65
December,Beans,Fruit & Veg,LG,4,2,5,0.8,1,most weeks,48
December,Radish,Flowers,SM,4,2,5,0.8,1,most weeks,40
December,Bay Leaf,Herbs & Leaves,LG,2,2,5,0.4,1,most weeks,40
December,Carrots,Fruit & Veg,LG,3,3,5,0.6,1,most weeks,36
December,Rosemary,Herbs & Leaves,each,100,2,5,20.0,20,most weeks,20
December,Carrots,Fruit & Veg,each,365,1,5,73.0,one-off: 365 total,occasional,1278
December,Dianthus,Flowers,LG,5,1,5,1.0,one-off: 5 total,occasional,75
December,Mint,Herbs & Leaves,SM,6,1,5,1.2,one-off: 6 total,occasional,60
December,Fennel,Micros & Leaves,LG,3,1,5,0.6,one-off: 3 total,occasional,35
December,Evergreen Branches,Herbs & Leaves,box,1,1,5,0.2,one-off: 1 total,occasional,20
December,Marigold,Flowers,SM,1,1,5,0.2,one-off: 1 total,occasional,15
December,Chickweed,Herbs & Leaves,LG,1,1,5,0.2,one-off: 1 total,occasional,12
